Timestamp (UTC),Bot ID,Wallet,Type,Mint (full),SOL Delta,Token Delta,Transaction Hash,Slot
2026-06-29T09:32:09.000Z,BOT-067,JxrsLpX3VdgNWohMAWjJjtoAqPUkqHgMgHpTzHAQD8v,BUY,AKr5cpCFfQpNA6pSVLxkUVkVfrEnVk9ht4kNsaGd7V1M,-0.004108,3.50,3Dj2dWyD52GaWoVgWvFGCSyvGGz3hueitEpbHjQZe4bV5B1ubHC6VTEj4sjxw8ZrKvSgWEbNSPTpzTuYUgx9mpBp,429639300
2026-06-29T09:16:43.000Z,BOT-181,8chBrqfM3RdqLrDRGtQko39DgJJnzmv9y4JJ7pRggaQ1,BUY,AKr5cpCFfQpNA6pSVLxkUVkVfrEnVk9ht4kNsaGd7V1M,-0.006182,3.50,5Z1bJHAGUriuUVyHgxsFhogZZiEMn64u3nc6ELXQqBC7jrA9iTNKMjydNS9KbiA2nz6WK3xZDJpHVr5Q9op5M6AB,429637048
2026-06-29T09:13:40.000Z,BOT-111,5VWZrHs8wNEHMcdqZxogc6ZnXz74SacjHTR98mqPoaGJ,BUY,AKr5cpCFfQpNA6pSVLxkUVkVfrEnVk9ht4kNsaGd7V1M,-0.006182,3.50,2wLd2gdgQYaMASWdy1cGGArupQGWMVuDr1LhH5BHfYQsnPYWbJTmf6xkA666Ra9MK6S53Bo42SSJEajNzXrbnLRe,429636589
2026-06-29T09:12:41.000Z,BOT-326,GFFMXuaUkvyGX6qQqihieDVxuVCte217VfNiNqxtBbFG,BUY,AKr5cpCFfQpNA6pSVLxkUVkVfrEnVk9ht4kNsaGd7V1M,-0.047679,38.90,21Gv2uFPhxyNeDeotc1MhuYyP98WU3hiR4LobvfFmbKohyzCT9hF2uSeJopaqSW2wRAYmfKpgkmk8qHsThrcuJfX,429636447
2026-06-29T09:06:40.000Z,BOT-302,HGkAucZW8FxV3VypEoJSEnvewy7wVB4BrmcurCcNHWWZ,BUY,AKr5cpCFfQpNA6pSVLxkUVkVfrEnVk9ht4kNsaGd7V1M,-0.031831,27.15,yFxyAzcSQGTobyEZfsksZb1SFf2E3QiHCgrUTiWWV7TfBxbzDDaTJzRCsYGWNSmzpB3CzvSZkCpodPmWDR31y3L,429635542
2026-06-29T09:05:51.000Z,BOT-302,HGkAucZW8FxV3VypEoJSEnvewy7wVB4BrmcurCcNHWWZ,BUY,AKr5cpCFfQpNA6pSVLxkUVkVfrEnVk9ht4kNsaGd7V1M,-0.033904,27.15,CHBCU5NQ7rRy9AnH9MyNXAd9dbYejaxAR8yWwNTqZQKDJWQgBkC6w3jh4wdj6gbf59zJpxdrZcGV6RwbeDWJRe8,429635418
2026-06-29T09:02:13.000Z,BOT-229,22rpihUPhbAqdsfDor2vZvSsK1zdPPKjwMncMmL65ejc,BUY,AKr5cpCFfQpNA6pSVLxkUVkVfrEnVk9ht4kNsaGd7V1M,-0.035815,30.55,4mBv52SX5jXRRGBXzxEPktVf2PDokWsuzf36G1J3dQ9isXYyujdzj7p4PartVurVn2GSVBMcpLRffrLWpaJerzpE,429634877
2026-06-29T09:01:35.000Z,BOT-229,22rpihUPhbAqdsfDor2vZvSsK1zdPPKjwMncMmL65ejc,BUY,AKr5cpCFfQpNA6pSVLxkUVkVfrEnVk9ht4kNsaGd7V1M,-0.037888,30.55,5ueurdcTHW4AQdLrcEyRXJYg3aEvQ6PxsoPn1ghaWUBBocKk1UYrCM3omVmYPinCHyXGCZhSuCGn71cGDBC2HBtV,429634787
2026-06-29T08:47:43.000Z,BOT-097,EU386fs3JmL9jRxFauogurmqXeQtsiU8bnKU4Uz5SEwn,BUY,AKr5cpCFfQpNA6pSVLxkUVkVfrEnVk9ht4kNsaGd7V1M,-0.006182,3.50,45KXWJAYWAVphSANTYXJfhd69dM1Ziq2UGJgY1AvF2KtBHoLP61Nfmp1wpdzddcxrvBYvra1eQRhhoZnzCWWLLhg,429632746
2026-06-29T08:46:50.000Z,BOT-119,8t6bDepHRbAC9Yggu2QtjZ2w5ZuNWJQwEoGeL7ZZ5TqU,BUY,AKr5cpCFfQpNA6pSVLxkUVkVfrEnVk9ht4kNsaGd7V1M,-0.006182,3.50,4qpTGdGGKuCVuTrxyWudZpQyBYkJ33ZykyxyiuD6YDSZ5i8wiGUX3X9U8W9UWLkUsTX6nGZypJHXEgQ82cJxrnbE,429632616
2026-06-29T08:46:14.000Z,BOT-207,B5AWnAzRUJPLWZcFUrwqbCyNHqjtKC6FKuDwLaLq91s6,BUY,AKr5cpCFfQpNA6pSVLxkUVkVfrEnVk9ht4kNsaGd7V1M,-0.028334,22.40,4qyov1qD1B9exNFwmjrt3Qp65GX1jgaezYeLvwz6zrhVMBpGEyJmAqaFJ4cDSGuYaghzfUt1meWzHEdBTi4JHhMi,429632524
2026-06-29T08:42:24.000Z,BOT-089,4cj112rY8trtshH5yGgaB45g16Bm4FwUkDSnGYMxvcap,BUY,AKr5cpCFfQpNA6pSVLxkUVkVfrEnVk9ht4kNsaGd7V1M,-0.004108,3.50,jxH8nFCGGHkctTWq4h2eFLUNXsgSYHdi5ohNpzFCLsuCnE9FRW8eLh5yY5dEZr6YDwrSny414ohPjWXth53z8vA,429631954
2026-06-29T08:40:57.000Z,BOT-107,9QytuS29JWojoToXxkrV5rgjfJ6isKRaVnMQATYsqwrW,BUY,AKr5cpCFfQpNA6pSVLxkUVkVfrEnVk9ht4kNsaGd7V1M,-0.006182,3.50,x2YUHAxze7MSwF3yYCVnA766TsfuGqFf5dT9diESotyiFah8wNxanX4AGg6QqT52UNYETQ38yh5ZuLGbs2AzbWU,429631736
2026-06-29T08:28:47.000Z,BOT-399,EJGM68DP6C83cLsLNtjaKsCsryx1EoatE5nzjgrrDkMk,BUY,AKr5cpCFfQpNA6pSVLxkUVkVfrEnVk9ht4kNsaGd7V1M,-0.006182,3.50,MM37K2HXS5BjrjAsmDJDvLqEbfPqJ4hQnS8Xmwhh84cC4vSk2MZETjzZV5Q7PeG1CdDu4gqC9annqaVgxeoJiiD,429629924
2026-06-29T08:27:03.000Z,BOT-339,HnEm9jYrm5mHTqMUwfdWXB2pgxuUCk84aNjR5tiFeBAY,BUY,AKr5cpCFfQpNA6pSVLxkUVkVfrEnVk9ht4kNsaGd7V1M,-0.006182,3.50,sNnK5eUGSav5WwsYov9Tm4CNPW8jn6s2R6utJ7246pjMMN2UndrgZpDNaoCPyPyYbs8Za7Qk6JrZbG4mA4z11Qd,429629667
2026-06-29T08:20:57.000Z,BOT-342,CvZLwewDNceRNUJwXAhNTMZaHHrWyja1XuDP8yacuYFQ,BUY,AKr5cpCFfQpNA6pSVLxkUVkVfrEnVk9ht4kNsaGd7V1M,-0.006182,3.50,NJPE9v9nJiKD9VbNv338kSxoFgk6QnsSDYHEGrpCZTduXqvQR2zT5zTn2Mm3QMuBuofuF1HoBhautJoj6hMR2tT,429628761
2026-06-29T08:20:19.000Z,BOT-380,Gs4k8wNTUY36B6QPdxcvYf7p4n3FctSZhFLoCUcifpCj,BUY,AKr5cpCFfQpNA6pSVLxkUVkVfrEnVk9ht4kNsaGd7V1M,-0.043101,35.00,5Wn5txfx3dVGYQoLwxAEw3JDfQxhzMA3SNKsuvN3eRGV8JUcZ9bCquZc2u9s7sH7qTkVdV75ddBvMKsLHcafmEtC,429628664
2026-06-29T08:19:03.000Z,BOT-317,H9k7BeQBiM93PG88MK48MkdMneHTtDaLsiME18YDzJ5H,BUY,AKr5cpCFfQpNA6pSVLxkUVkVfrEnVk9ht4kNsaGd7V1M,-0.034896,28.00,5GHbFQsxY3SfdJXSw4JS3PdGo6bdQX9tmkRH94948Qj5Ut1c5CV2AGn9MgtgwoMJ42HbaXUWPS56mJ38sGpimcxQ,429628479
2026-06-29T08:12:38.000Z,BOT-395,5wyCmASBN5xBeW7MaHC3Zv6Cy21ebHrMN27hGGuLiQjp,BUY,AKr5cpCFfQpNA6pSVLxkUVkVfrEnVk9ht4kNsaGd7V1M,-0.006182,3.50,sJLsgKjFZmV8ex3VzCfzmXQ9DLSVmfm9MLxXV51g9iGsr4y2mKJg32RJNx2Ut6JCNbyXebKhnfy9c2MQVk449Ss,429627529
2026-06-29T08:01:43.000Z,BOT-362,GQvGMbVev4fdsNVtz8XGDH9AqFyQGGNPmNQr5N36gssg,BUY,AKr5cpCFfQpNA6pSVLxkUVkVfrEnVk9ht4kNsaGd7V1M,-0.015066,12.85,63yxUHZ8irH8uLQiywQNJs2aghkiHTNq1a3JXBJTnco5SRYjnC3NqiUKckdjQ8xaDMdoGuUsT5k138QqEpBeQT9g,429625905
2026-06-29T08:01:24.000Z,BOT-362,GQvGMbVev4fdsNVtz8XGDH9AqFyQGGNPmNQr5N36gssg,BUY,AKr5cpCFfQpNA6pSVLxkUVkVfrEnVk9ht4kNsaGd7V1M,-0.017140,12.85,1xC3zpuGtWDkiNo5au9zGKG7zvXEkS72swBGp4p1MjmftJYubRG8G96bSKLeEj2wboRhzEPzqdJnH1YfPFpmsJS,429625857
2026-06-29T07:58:07.000Z,BOT-364,8npNfCFcXYwukieHWbD1P4teQ5DC6AYYZ8yfZppUsMsZ,BUY,AKr5cpCFfQpNA6pSVLxkUVkVfrEnVk9ht4kNsaGd7V1M,-0.012370,10.55,5CqiCEtberyYHAtbTWoxf7pjb5RrmZzPKVxyrbvnKNySsdYbBt8Kiy7Gb7SnbSJtf2JcvykLxAPNeX1pv2w21dsM,429625358
2026-06-29T07:57:41.000Z,BOT-364,8npNfCFcXYwukieHWbD1P4teQ5DC6AYYZ8yfZppUsMsZ,BUY,AKr5cpCFfQpNA6pSVLxkUVkVfrEnVk9ht4kNsaGd7V1M,-0.014444,10.55,pG3PVquuevteR1CFe84iUB7xvpsW3G5nLbP6ckFumcVSKd8WyzFL5riyjrEdp47Kc88tNxpZT5WtfNQCLzKvB2X,429625290
2026-06-29T07:41:21.000Z,BOT-332,C2ZrgUVyCWoTZT2NUj6irVig54uFHg1EvCSLjCBxfCiE,BUY,AKr5cpCFfQpNA6pSVLxkUVkVfrEnVk9ht4kNsaGd7V1M,-0.006181,3.50,Ea5JduamKbMCbTXiBUbRiVsud3ULsSJCnGWfEAd9CNqiHGddxmxFFv5m2vJNDRyF2jpGX75ZHqcUTDkiksK9Yfj,429622868
2026-06-29T07:38:24.000Z,BOT-144,3feWxv2pe53WXyL9oHsF9hrafnPD7Q7QUz3QwKzMadsd,BUY,AKr5cpCFfQpNA6pSVLxkUVkVfrEnVk9ht4kNsaGd7V1M,-0.018229,15.55,3BncpWUcoDhc1NEU6LNCE4h7hTNaD3ysPVBGvcfUw6x9Gafi7gMUwRFhhrAaMk5AVu3Y1TfQfT91AAqMKtWTtfdM,429622426
2026-06-29T07:37:25.000Z,BOT-206,6bPNgSjRcWehgK3jKRVyxZko4marzGAMAv2jyfbdDLiH,BUY,AKr5cpCFfQpNA6pSVLxkUVkVfrEnVk9ht4kNsaGd7V1M,-0.017760,15.15,NkYF1jxKBCDX2WdxEAsf53LCeyjio3uRQFkv5AdHxnjaRKUPxPnBYts5tJRDGUJtKDJwmhTPgivLU6mcnngdRy5,429622274
2026-06-29T07:37:02.000Z,BOT-144,3feWxv2pe53WXyL9oHsF9hrafnPD7Q7QUz3QwKzMadsd,BUY,AKr5cpCFfQpNA6pSVLxkUVkVfrEnVk9ht4kNsaGd7V1M,-0.020303,15.55,c2EjrzWruh4c5Muja4ftCo3WDo8Q5VnqgPmo1L99iYBGKiYHpCCkyQRRwbbyypamK1M5JHfJ8oYPXMVoz8DSnQo,429622216
2026-06-29T07:36:59.000Z,BOT-206,6bPNgSjRcWehgK3jKRVyxZko4marzGAMAv2jyfbdDLiH,BUY,AKr5cpCFfQpNA6pSVLxkUVkVfrEnVk9ht4kNsaGd7V1M,-0.019834,15.15,56xRSETiy5CaBGWJTcHFSCXh9Z7urVxmsiDPKFzqNkX3cWtXzjvzkHi8SFvnZ7KtV9tJ3KB8SSsnkEHZzFehB2av,429622207
2026-06-29T07:36:14.000Z,BOT-311,4txfevesxdF2xbXZHUcRw7ZJGCQzTCEyA64qcgsgzGtT,BUY,AKr5cpCFfQpNA6pSVLxkUVkVfrEnVk9ht4kNsaGd7V1M,-0.006181,3.50,33DYcy163fT8cm7tVRURsRyXX49TW1drpBuvijqCdgcs9BtARTuuL5KZEDB8mufGriNmZiaQ4jFhmXHXwUdLrtbJ,429622094
2026-06-29T07:35:26.000Z,BOT-200,FeAaqnaWSumbyjV31CaZLXWPedmM2BV3agV5jVwg5Uwu,BUY,AKr5cpCFfQpNA6pSVLxkUVkVfrEnVk9ht4kNsaGd7V1M,-0.006181,3.50,27mFCN8LpaeEMMYGhWqoYCn2ZT8fjqvaLXHaohe8i3cPHAPAnRzRaFD8uGFHpnxPU2UBhsxLVkphZgVpxy2ya8QL,429621972
2026-06-29T07:33:18.000Z,BOT-360,7yAjiESAA6d6WSKtgu6nnQ9WvXE7voZTXZsuJN5egaPi,BUY,AKr5cpCFfQpNA6pSVLxkUVkVfrEnVk9ht4kNsaGd7V1M,-0.026689,21.00,a2hV7BzRb6Emv1yZ2XR5yzietczkrD2hpYugJiKt7UiqTkv4Jf7xHitep1Q7JYiT6UminZyozC4DwYQPYXZNQuv,429621661
2026-06-29T07:27:12.000Z,BOT-137,BiA3txSWB9QEky8CAzvgX373ZJmZRLFRZEAqsZzWCBDj,BUY,AKr5cpCFfQpNA6pSVLxkUVkVfrEnVk9ht4kNsaGd7V1M,-0.006181,3.50,2bjrhkSPMcmHcwnrCNcTEUEf5wFwKgRr3bE3385o5K1RSK47CyfzEWRWxWDxDWn5prE5m5Ey1KAgLpa71cHcMjch,429620761
2026-06-29T07:25:59.000Z,BOT-333,8dRXGi3rpngVwzMJcLz2JsoMvHLRCfguUckfMGnVBeYQ,BUY,AKr5cpCFfQpNA6pSVLxkUVkVfrEnVk9ht4kNsaGd7V1M,-0.006181,3.50,ftTBmj6iUPwPCmwbsX3WjmfNCGsHDNF4NKbaLPoMVb2BkVrMvY14NX4Tpcb1wFGxKLrcjU2pZ55sBAdRFYCER5Z,429620577
2026-06-29T07:09:40.000Z,BOT-058,Fg6vsDhbb2XfLLFWdkneKkSEU2R2z4Wn9hEMhuC5v4Rj,BUY,AKr5cpCFfQpNA6pSVLxkUVkVfrEnVk9ht4kNsaGd7V1M,-0.004107,3.50,RVQRjGw4ZEUo5avQN4BAoHFb4aSHAMiAYVepQeoEPV6LTHjZauc3XPkzE4X5hndWoDSyP1wbZypdbWFE5EjbH1z,429618157
2026-06-29T07:05:45.000Z,BOT-391,98TKRKczXUyFHwQW5Yfcv8qwpybowhGLDnQ54VdMYUf4,BUY,AKr5cpCFfQpNA6pSVLxkUVkVfrEnVk9ht4kNsaGd7V1M,-0.008208,7.00,5warwptZa9RerfFtHvv1xJghpfdL7NEHAD3FCzSFGkiH8ECsYsxVhB3zuW252nTjLcnyyF4J17nknndaq36yubv6,429617572
2026-06-29T07:05:20.000Z,BOT-337,DtdeNmcFSmYXCamVvY9cMkLhVph2C2EASHAQ1TGJhk69,BUY,AKr5cpCFfQpNA6pSVLxkUVkVfrEnVk9ht4kNsaGd7V1M,-0.006181,3.50,5aoXqv1Kk6Ln8BYCZNsGRN8VW7QW5LzJ2hgjM6ZoNhThY9fqDAXZRNJxGjF56AfS9qgipP3E2CV8io2GXWctpEu,429617510
2026-06-29T07:04:43.000Z,BOT-391,98TKRKczXUyFHwQW5Yfcv8qwpybowhGLDnQ54VdMYUf4,BUY,AKr5cpCFfQpNA6pSVLxkUVkVfrEnVk9ht4kNsaGd7V1M,-0.010282,7.00,bLyj2eJ5gopPJrd6VXdsyWZPVhaHpgUYVSGsvUpUGtJET8nZmEUHSckVUQhANvzcYzpGv5zhhpPJgqJnXfsKzUo,429617419
2026-06-29T07:04:04.000Z,BOT-355,8A37euCaVXXJYw17Nc93Qpztyy4EVg495fRaabHM8BMV,BUY,AKr5cpCFfQpNA6pSVLxkUVkVfrEnVk9ht4kNsaGd7V1M,-0.018485,14.00,3PpXc6WGSwsHShHhgRRgRw3pwHmPsRDJjNibDuP4Jeq2PwMoigYha2W7SrEcEsArb8DyhXWxAkQjXGeyetXN3Ski,429617324
2026-06-29T06:56:44.000Z,BOT-231,ARth4Dmqyjg8KoUBEBsURDm1TGPZebvdpJNLBui6bHey,BUY,AKr5cpCFfQpNA6pSVLxkUVkVfrEnVk9ht4kNsaGd7V1M,-0.041921,34.00,3tvb6G4v4Xsd3ciYLQyo1hwf2SFMzNaCgjjyb8cvNxjx4EjVSadrnzCoetBWccSCyF8iYTx821cXnJzroYWXSSyq,429616234
2026-06-29T06:56:03.000Z,BOT-305,6dUn5HmYKbDTeP4CoQzkNpwHsSCXPj7ipQyjY67XaY2K,BUY,AKr5cpCFfQpNA6pSVLxkUVkVfrEnVk9ht4kNsaGd7V1M,-0.018485,14.00,4GDrX7SpnM8h95pJoTHRuMJYd8mkbS3itLk5RVVeZChkoneiRx54mosGyj5wobKKMZkJqEWB6UsbUbZZZZwDdsNP,429616136
2026-06-29T06:55:16.000Z,BOT-351,34u4eaZrVWfyNzawYqhRc7yVb1qZeCqisha1H92ua743,BUY,AKr5cpCFfQpNA6pSVLxkUVkVfrEnVk9ht4kNsaGd7V1M,-0.006181,3.50,3DAYTiV2BxqRgnDXmuc7H81BzT9ShTpFC7vdAbsHJicco9jXVdGa65yCiDmXVZ1LWPM2b3MwscQEYTh6Cg7LNEHY,429616016
2026-06-29T06:54:40.000Z,BOT-056,E5R47nGxoz9Cd5sGo6p4vcCBMsFB9D3YBFt5bN2xQhLc,BUY,AKr5cpCFfQpNA6pSVLxkUVkVfrEnVk9ht4kNsaGd7V1M,-0.004107,3.50,3kwvu17UDxiR5GdFrWnk5boEFanQRuY1XbcupjzkXgMEjcfKUVhc5J9RRa1s2G3SeRpMvUkxh7WLDgXNL74NpwDs,429615926
2026-06-29T06:54:38.000Z,BOT-047,Cv3Yc51hvewNDvjCMVzrAP7yZjowRaGwGUZpyjyziMA3,BUY,AKr5cpCFfQpNA6pSVLxkUVkVfrEnVk9ht4kNsaGd7V1M,-0.004107,3.50,4KFMM2dc5EuABBDTxiiaCMPaLdqxEdigP71xrGJAC3uVC1BjeqRgtZZ9BhTyp43zjQAkvYYvXLtDLxY2SnLTacSD,429615921
2026-06-29T06:52:25.000Z,BOT-328,GHjidfwRHVSFV7t3zHALf4x82Zf8ELLrcSWGuugS4wiB,BUY,AKr5cpCFfQpNA6pSVLxkUVkVfrEnVk9ht4kNsaGd7V1M,-0.046841,38.20,4QEYsxpnbUq4ANhG2vDSdpJdzANcz2jYJ7zrYDCg23N6vvCyuQWrtqfqwQtTLuA9A8UqWtBqt4Yj4yD69j1od2XM,429615597
2026-06-29T06:43:22.000Z,BOT-241,GqNRKEJ7YAJQ86QQ166BDzumrnnRUWBWup9MUjmc16GT,BUY,AKr5cpCFfQpNA6pSVLxkUVkVfrEnVk9ht4kNsaGd7V1M,-0.026920,21.20,qDDZjCRjZK289disXD5v4Gjp4fTQ8Dp9EStu5Zub46fvuBrYF2BAdbrEmyT4ekdEQR6ffe5K7xsNqXykxRuDQe6,429614234
2026-06-29T06:40:56.000Z,BOT-265,FjLWwFAEkjWYaJqJZbdCm1PuUEjCcppgAWZRuqmKXYro,BUY,AKr5cpCFfQpNA6pSVLxkUVkVfrEnVk9ht4kNsaGd7V1M,-0.012309,10.50,6PTm2DbLu9ucHA5LHQxPtsCS3TZ9yY98Vju2etfmgUhLnDBYAXWn9dWpPRvTkYcVVuWPa9wNKuQhzci3b6gw17i,429613873
2026-06-29T06:40:28.000Z,BOT-265,FjLWwFAEkjWYaJqJZbdCm1PuUEjCcppgAWZRuqmKXYro,BUY,AKr5cpCFfQpNA6pSVLxkUVkVfrEnVk9ht4kNsaGd7V1M,-0.014383,10.50,4WSxwHEN7QpmTDbN1yswUP3avmPGjJWfTaDyXTpDejQef1z2uEVA4W6oZgV5ySYQjCyWZW7S8ZLgtrTqu3tPSAPW,429613805
2026-06-29T06:38:31.000Z,BOT-268,BSkexvbUbduKXrdA2EBXvp8A28gq5tY21Uy5pQBwJUfv,BUY,AKr5cpCFfQpNA6pSVLxkUVkVfrEnVk9ht4kNsaGd7V1M,-0.006180,3.50,325wmUg2ktZQDEDb84jL9kmbEjuNKsZXFXF27Vxau2i5xN8H7u1Gd6BpGz78KNe22PgMZjrBkf4j3R28wEkuLbT1,429613516
2026-06-29T06:37:10.000Z,BOT-292,J1HsPZMCWMJy4YKK25z3fU9vhq7fuB16m294Pvz25oh3,BUY,AKr5cpCFfQpNA6pSVLxkUVkVfrEnVk9ht4kNsaGd7V1M,-0.013211,9.50,5zH42G2s6vQTfMEUpin8YSxVu3sGoygi5PmNkWqWYqiR6idptL3Mkztfgx3YW4nuAF9r8itE2ANwyER6xKZLHVLT,429613311
2026-06-29T06:37:07.000Z,BOT-240,pFd7o8qVgwRR1Youm4b1c4i5NHFwJUomyJsaa8Vjk9o,BUY,AKr5cpCFfQpNA6pSVLxkUVkVfrEnVk9ht4kNsaGd7V1M,-0.006180,3.50,3Tse569H4hpJFVccAEPQDhoaTASDfabdXdmGpQK3BPV5a5rKawgSTa8t2NDG3vNZA5FZCPD9QFJpC1FUyUZSSL1i,429613304
2026-06-29T06:35:32.000Z,BOT-219,5LA9FfWy2HdhyNkV9HjkLFiPPVk5aFWKgoEiLmNUcebk,BUY,AKr5cpCFfQpNA6pSVLxkUVkVfrEnVk9ht4kNsaGd7V1M,-0.016292,13.90,4UwkRk121Bg9LDWnNzjernUuHtUEYmEnMray4henFz6MhVMfm9xcLMkpGmsxtBRKj4GfxwRanrXXczZ9siJ3jN7p,429613063
2026-06-29T06:35:13.000Z,BOT-219,5LA9FfWy2HdhyNkV9HjkLFiPPVk5aFWKgoEiLmNUcebk,BUY,AKr5cpCFfQpNA6pSVLxkUVkVfrEnVk9ht4kNsaGd7V1M,-0.018366,13.90,2jTYshqR7yMmhFkBMAScbNYU8RCW7dTWBk7MRk8rpScqaBqTxK4rTLhr8auu3D7j3g4oNwgCjKSkgZaJ4RvG1JcX,429613016
2026-06-29T06:29:49.000Z,BOT-238,4L2DdngKETyMo86SdLmdzeAvVHAuCG3718kExd8F3v6j,BUY,AKr5cpCFfQpNA6pSVLxkUVkVfrEnVk9ht4kNsaGd7V1M,-0.043087,35.00,4pU3reLtb6XdDZ6Tfq3p41bGTivmDMgUZEQiCW7BPiAzqQF4mHJoFuc6y5obNc7VJfQyK1DvAYUPsSCNFMm6G3oj,429612215
2026-06-29T06:27:41.000Z,BOT-201,39QVcVcAumNpDspVGXMkj4eifnfz2ZNuNRXoFozUzzq4,BUY,AKr5cpCFfQpNA6pSVLxkUVkVfrEnVk9ht4kNsaGd7V1M,-0.029964,23.80,2VmjoKCNDoN1Di8HGrhJXWAo7AnCMLsS65UEunb8cKUZg8vTtRUscKtWjRJLuYxNJwVo1JCFkw8kjoUK8SrBUEJV,429611899
2026-06-29T06:21:43.000Z,BOT-234,7mNYLV7AAnfjahosFXLXeP1JkHPZ4eaDYP9Q9SGaWvaR,BUY,AKr5cpCFfQpNA6pSVLxkUVkVfrEnVk9ht4kNsaGd7V1M,-0.012307,10.50,5H1UeogT6upRuhz7KobiPy6G8XUgS1Y3Nvg4JJxikRREFr5NUTdejzGL59pkqgkNvsFjEFehQ2ZhYSy1TCWYS2Ah,429611011
2026-06-29T06:21:20.000Z,BOT-234,7mNYLV7AAnfjahosFXLXeP1JkHPZ4eaDYP9Q9SGaWvaR,BUY,AKr5cpCFfQpNA6pSVLxkUVkVfrEnVk9ht4kNsaGd7V1M,-0.014381,10.50,2oKLVG7BRCS9WHamzqdkJJjCy7AzitXaQ5dXm1aXm1sPANMut9DNCaakbhjTkWFKFRTTKvezgz3xUutJj2uMgzJL,429610952
2026-06-29T06:21:15.000Z,BOT-069,2qn6ad94SA29bvQ68DqJKgZXP268TdR74uxwB9fPFq1J,BUY,AKr5cpCFfQpNA6pSVLxkUVkVfrEnVk9ht4kNsaGd7V1M,-0.004106,3.50,2cTDkPEVREHTqzMYANKDogMKqaNNJRVW8BxpH4w4Zo5WaNzGSFwezveJbMcmmyGJwTXeKcs4ysadtjb47ENz3Gjg,429610939
2026-06-29T06:17:14.000Z,BOT-217,B6SkNrpYcgu1AeSANArbWtyoLAcz9LMdmAQsdp4QfZx1,BUY,AKr5cpCFfQpNA6pSVLxkUVkVfrEnVk9ht4kNsaGd7V1M,-0.034181,27.40,3WNMmhfJL1rmPLkVnshwBgemjTnSwG2JPBsX9u8PaMixegzppBkZxnGgaq4dUgB5qKRPwhdSTt5U2NEEYv2G1msm,429610342
2026-06-29T06:16:02.000Z,BOT-213,98ay51CKbBRf11Y5kMsRNYzvR6Y38oxSDDnfXQbGdaTP,BUY,AKr5cpCFfQpNA6pSVLxkUVkVfrEnVk9ht4kNsaGd7V1M,-0.033161,28.30,dFpa8G92LKikPaRmCmkGEzJ843bAFUaaTZdBiyThN3AWgBBCDY4WvkZ1ETcFaoGgpNSK8n99EsTGhJQdPjrKUMH,429610161
2026-06-29T06:15:24.000Z,BOT-213,98ay51CKbBRf11Y5kMsRNYzvR6Y38oxSDDnfXQbGdaTP,BUY,AKr5cpCFfQpNA6pSVLxkUVkVfrEnVk9ht4kNsaGd7V1M,-0.035234,28.30,2a4n7hff3pv5c847XSYeyHRjGy8bWHEguwXbdj9NSSpgQM4GkSiW8Wmew21YewmYFtFp5cywh9BijbTuWuPKEqSs,429610069
2026-06-29T06:03:45.000Z,BOT-135,EcGeiVc5KSYtrh2SX7Jd8fVU1erhQFBm5ru7EeN8JbAJ,BUY,AKr5cpCFfQpNA6pSVLxkUVkVfrEnVk9ht4kNsaGd7V1M,-0.006180,3.50,5rwaad1XGYaoU6cGWsEqANgtb6FNEUqgmUN2m6JuSgs4UWrDFLuMYKgSy2yyXGHh6AqkMLqxuGytRujuYjCNTwQ1,429608344
2026-06-29T05:58:56.000Z,BOT-125,EuEVRmFmodKZsfvdzkjgQcWcL49eUPQX2AYDLKCCpPMa,BUY,AKr5cpCFfQpNA6pSVLxkUVkVfrEnVk9ht4kNsaGd7V1M,-0.007644,4.75,2fWF6fFHJH6sePoNpPZwnJJEKxCGkMwucMm7P8syERri2jQW3X5Reama99TWPSvVDidzBjdqPu9jL1aHsDP6kfr,429607634
2026-06-29T05:56:02.000Z,BOT-377,5vnF6J9F4J8yJeLopXZMe4cb1ygV4kbt9rWvnGjVQ1h7,BUY,AKr5cpCFfQpNA6pSVLxkUVkVfrEnVk9ht4kNsaGd7V1M,-0.030313,24.10,4bttH59rrHrKwj4Pja3DeweFNxS49JGYyWzAAhPvJEdaMAgA6yBSSJnVz3facfnVzCJtazb9zpXcmENhfWb5F4S5,429607202
2026-06-29T05:54:22.000Z,BOT-094,GnCLTpU1DjEiMtA5GZG8d17si8bR6xqV9ynZPQepkhem,BUY,AKr5cpCFfQpNA6pSVLxkUVkVfrEnVk9ht4kNsaGd7V1M,-0.003461,2.95,2D8mPnFKC8caCYZLgXBE1Cbu9TzD6GopcsaGB97kpoovB2WMAHaaRPbPAbRjBYbyA32sK3sKLDu5Pe5KehCMXKPq,429606956
2026-06-29T05:52:52.000Z,BOT-365,4Ha1KXYyFAkMDp7ZD1YprDLFaPjKcr2RCnJsYwgvPVkU,BUY,AKr5cpCFfQpNA6pSVLxkUVkVfrEnVk9ht4kNsaGd7V1M,-0.062879,51.90,5VduzJSVCZqChmHSRQEVCDkddmLXQnKLNyghyQKE8jWCJYDrfr3z5VW8XcdTSdEgkq64C42NR8drwbXAYmndQVxq,429606732
2026-06-29T05:47:34.000Z,BOT-361,5VA9jrEsL3THmT729wbhAhmLU4fF767stNsMQMCRLBCp,BUY,AKr5cpCFfQpNA6pSVLxkUVkVfrEnVk9ht4kNsaGd7V1M,-0.040971,33.20,5NrprbcvYnxqKQjmarnmM4YwUCfmRZBxJQmAFT1oS1LHnNNHuQurDJw8UwGyTrGuBn9LDeFRaMe98HnBQLUXgeHU,429605947
2026-06-29T05:43:09.000Z,BOT-080,BauGeTRqJAAmQJ1hUAjGaBaT5cmfuJKTEQdnv1C3THdu,BUY,AKr5cpCFfQpNA6pSVLxkUVkVfrEnVk9ht4kNsaGd7V1M,-0.004105,3.50,53y2P8e8vZys1g2q7ou79eFiRVBjMYJbm637d92G7cTKNSB91xMFK4DwcTeA3kaNJuGEHJcvX5uoynHHGmP9AC6v,429605289
2026-06-29T05:39:37.000Z,BOT-283,ERGGawmueQ59hmhR33iZUD4R1aay4YUQTZA1xNWya6Dq,BUY,AKr5cpCFfQpNA6pSVLxkUVkVfrEnVk9ht4kNsaGd7V1M,-0.024839,21.20,48J3SPiJvCbAMsWwPvgQJdCpks8dxkEcxR3rSqv2Jbc3CgvNecR28EaC6dYpXFaVegbt2pKqTBGbEMnic3ygmeCD,429604757
2026-06-29T05:39:02.000Z,BOT-283,ERGGawmueQ59hmhR33iZUD4R1aay4YUQTZA1xNWya6Dq,BUY,AKr5cpCFfQpNA6pSVLxkUVkVfrEnVk9ht4kNsaGd7V1M,-0.026913,21.20,3Rv2vqQMvbXmWWfoY8cia2B4spSDr9DNUTZQXuvN7sRTA2rDNkFgSZvYs1XdHanRxSfYUc7bvtWwSAoxe5Fi58xg,429604668
2026-06-29T05:37:09.000Z,BOT-291,BbHzv2gh4dNNhahjZKT7L6GWTfcMk57shPRk66VAxvCs,BUY,AKr5cpCFfQpNA6pSVLxkUVkVfrEnVk9ht4kNsaGd7V1M,-0.008639,5.60,PkCAVtnSR3AUU12yGP7JtTkoKb6XB3yB3RUXPbtoFd56jYcqBT58DAgQCTNsc9zqmeDpbq835QXXjXCtqV4fVXh,429604389
2026-06-29T05:36:42.000Z,BOT-309,GRgNmQFUviGpFSuYtWEuKd5KNAU6Qxu8tpwa9qZPrQzU,BUY,AKr5cpCFfQpNA6pSVLxkUVkVfrEnVk9ht4kNsaGd7V1M,-0.026678,21.00,5VsdvTNjunevnJ2izemBtesuXMzQtFdNYZUE1b8H3CigX3mPUAviB9aqa2t3D8mfiq8vAr4YJ7zPX3VD84W2PJ8o,429604326
2026-06-29T05:32:23.000Z,BOT-054,G9dpHg1Ze4uziSrRXDUMbVmso3RKLMi39QWm36vfCUXU,BUY,AKr5cpCFfQpNA6pSVLxkUVkVfrEnVk9ht4kNsaGd7V1M,-0.004105,3.50,46Pfz2MWmqs2it3FSoQtidBACrDL9U7FoCwtNdKHicF3jusGwBHxBpJk5h2BFPbdmQgSPis4EmDkKr7MskTVTynf,429603678
2026-06-29T05:29:30.000Z,BOT-065,GBHYTfAKo2PeMuBB4fk1kz9dLgPCoZM61ucFt1kYNwpr,BUY,AKr5cpCFfQpNA6pSVLxkUVkVfrEnVk9ht4kNsaGd7V1M,-0.006179,3.50,42mps76UVthSRSo2MuBixBtwRuux6snyLdmjHvZDQo1xPULm3jSzsJwLHH2QvPpqytQZ6QPEnKneAgk6y8GsPLxq,429603244
2026-06-29T05:28:07.000Z,BOT-253,FYQaAGjdTu7JyC2QR9sJR2aUA4LYwuc6xUTz4osBvH8J,BUY,AKr5cpCFfQpNA6pSVLxkUVkVfrEnVk9ht4kNsaGd7V1M,-0.034877,28.00,3Nb2JVtkMWcQbqHLhps27hwksPVtphbYHTQWemNRHh5VmNjJiwWCM5NdSUUELASh9BVCEhcauFa5h2mqrBpzWDkW,429603037
2026-06-29T05:22:17.000Z,BOT-239,81Lg4a4NyxWnnVZHzVjsa9Wv4H8b9v7GsfNSbbevRwY,BUY,AKr5cpCFfQpNA6pSVLxkUVkVfrEnVk9ht4kNsaGd7V1M,-0.034876,28.00,9ViWvW7vd8XcFmxAv9RgojKMteSP2uQMYU7RD19Ax7XNBbUzFHv2e7eYNm2zkcBKcjT185aYKPS6fK8bBZYUbom,429602186
2026-06-29T05:16:06.000Z,BOT-215,DUCvnwb1Zfq6efeDYYgRk6XcWq5jFKukSb3QcnSjjgs8,BUY,AKr5cpCFfQpNA6pSVLxkUVkVfrEnVk9ht4kNsaGd7V1M,-0.052795,43.30,3RA7PQj8LQBYBu5iS9jEytYdLFWfKVL2eJPRn61s4yoWS6g6dDQ3tDzvXELyeBczukN9j3nRp9ZP8pHbbt4E89wc,429601285
2026-06-29T05:12:05.000Z,BOT-400,HzqcsSre91iMJzngte8xqyawH935ZDGtytsuGjSa9Za9,BUY,AKr5cpCFfQpNA6pSVLxkUVkVfrEnVk9ht4kNsaGd7V1M,-0.026676,21.00,3bs2koahs7PzRoEpdedBzMgBnA3TnZ1hWizfFHtmLBGuFMYS2LE5Husi1Uzn4d8PoGN83Pv4sR2swtT2GrE8XkqZ,429600682
2026-06-29T05:08:16.000Z,BOT-388,7BgJnt2Mtb7vsHViTDFxeo9TW2fmkhEXEADkukSg5Qdq,BUY,AKr5cpCFfQpNA6pSVLxkUVkVfrEnVk9ht4kNsaGd7V1M,-0.016403,14.00,W1KpVaCEg4R133Tewr3YcBk8ULvFewmmm1zCVgvrznouCF4MNx5e2247AzbyK9baNnDKPS2xiFa7QBFvKkvoMSo,429600116
2026-06-29T05:07:05.000Z,BOT-388,7BgJnt2Mtb7vsHViTDFxeo9TW2fmkhEXEADkukSg5Qdq,BUY,AKr5cpCFfQpNA6pSVLxkUVkVfrEnVk9ht4kNsaGd7V1M,-0.018476,14.00,2oNKiQvjKXdQ1CLQfn844SyjMVnzv5qhs4PyGXrn6yD98vPbaPirZ8PSNTi6Gu3ZGpMRtGVjuMV1f1ncvU1N46wG,429599948
2026-06-29T05:05:48.000Z,BOT-172,CBL9qs2GSfRbXpANcJERNRSm8FSqEzPEdUuCzPJydRe6,BUY,AKr5cpCFfQpNA6pSVLxkUVkVfrEnVk9ht4kNsaGd7V1M,-0.027001,23.05,J97WcpakJco4bUfFne8pJjoE9k5PmqMm9h3jtpbb6mNBL9w7arPnrT3JUfymE6xtfjgbnHQYdJADsFj8yceaXJU,429599756
2026-06-29T05:03:45.000Z,BOT-172,CBL9qs2GSfRbXpANcJERNRSm8FSqEzPEdUuCzPJydRe6,BUY,AKr5cpCFfQpNA6pSVLxkUVkVfrEnVk9ht4kNsaGd7V1M,-0.029075,23.05,3JtMXvmg4CQUDZXFWSvoicYnkDmkrnbrmEUSGz8axPaNfn2dRQaccjQW6TcgMmpTFWaqPRbyYUT55d32QxtUQyHY,429599444
2026-06-29T04:59:29.000Z,BOT-284,9puiGbTuk95CGKSt61R2N1f9MsnN974iLyVPbtk3MDaP,BUY,AKr5cpCFfQpNA6pSVLxkUVkVfrEnVk9ht4kNsaGd7V1M,-0.034403,27.60,2rRzHZgNp2cipYBZ4LYVJizYY899ho34AfHzBUL745U5vN3xEK5THgCPxWMWZ8FGQAErb6VA8PyFqndUhcNiFmdA,429598818
2026-06-29T04:51:07.000Z,BOT-347,9GBokv2HtomZcA15Gfs3UayW5FknEKT7Qn5fBCVNWAGi,BUY,AKr5cpCFfQpNA6pSVLxkUVkVfrEnVk9ht4kNsaGd7V1M,-0.010277,7.00,53e5yrMAqjasS858vnjqNxDFKABKLzoQqJdQfkQCVmR6vVXVoAqyePpWJRfPpN8XR73QoHi8VkMFFkvKfm9eqPEr,429597593
2026-06-29T04:41:33.000Z,BOT-198,BTeB1Mw1n6T9kBuCdtTUmQ2L2zPv25ZUuWEASsfxUQTW,BUY,AKr5cpCFfQpNA6pSVLxkUVkVfrEnVk9ht4kNsaGd7V1M,-0.006178,3.50,5XPgXLAWT2rrJ8pzBw2e9XFPhFuxduQnADB6wA7kBNk9JJ1PFwDu6niR4nSqQzxz5UsXyhKs8JR4q2hrisQWXGgu,429596183
2026-06-29T04:39:13.000Z,BOT-189,EcjrxPVhFYamhXTwBc4dddxU8Ti7ucTY6NNXETGASYqZ,BUY,AKr5cpCFfQpNA6pSVLxkUVkVfrEnVk9ht4kNsaGd7V1M,-0.006178,3.50,5gryg4ZYaqv7PHqBAY9Ks71cWdSnQiA8WpTWtpBTgdFbTaq8dDohwvyZ8jMvt8s6R1kbNQuBD7iQQx2U7LrVQfNz,429595839
2026-06-29T04:36:19.000Z,BOT-279,7j67hHSNqpuVd5ng4AUBahQpns2GGXEzVRHbwN1KPGqx,BUY,AKr5cpCFfQpNA6pSVLxkUVkVfrEnVk9ht4kNsaGd7V1M,-0.034871,28.00,uoHqi1Ss5NYrwTyLoy5rjQMXLWJDksqRLs2S1dgvr4gpR2mEMT36h4WS4Fzxm6ah5LgJ49pd4tt9N2CQ13nQz9F,429595412
2026-06-29T04:35:21.000Z,BOT-169,86i7w9JHWwqNmg7gSLJHUGdoeXoknXip728qNtr2iScp,BUY,AKr5cpCFfQpNA6pSVLxkUVkVfrEnVk9ht4kNsaGd7V1M,-0.023979,18.70,1CMy76Ub37GpBjz8MBNRZPW6Cpp3osJ95HQUUz4aC9MKpCDJSBhpPjtcFAEpXBhkd2RBznPbyBtRGBZaw8R3XtN,429595265
2026-06-29T04:32:21.000Z,BOT-270,F7eBmmCAGGNP41d1ruoSaR8EBG4NRWdBTMWAEpsjte4m,BUY,AKr5cpCFfQpNA6pSVLxkUVkVfrEnVk9ht4kNsaGd7V1M,-0.018475,14.00,2Zp224qDcQTqkh6hruH6UwfSTiPn8oqkEdPmBaDXbvKBfMvHtk1Xrot9FGDksfb2d2AywtSr6z6Q7wh6iVSYHExq,429594825
2026-06-29T04:26:55.000Z,BOT-117,H7EqTNc3C7jRVXL2c8trv8hqtvXXgxftbRVSCcvTxiuf,BUY,AKr5cpCFfQpNA6pSVLxkUVkVfrEnVk9ht4kNsaGd7V1M,-0.006178,3.50,5F9Y1DnJ6Pr3pWPf5U9v6ycCNzueDnwEfQrJxXqkYP1MnPAujkcX11C5QCqjvFqrX8GfzuuyYL6R16uqsWTL5Dgk,429594016
2026-06-29T04:23:41.000Z,BOT-112,AqbZg13K6PYphgCbcwvsYUfLyWT6fEPLUMuT9F49VYXr,BUY,AKr5cpCFfQpNA6pSVLxkUVkVfrEnVk9ht4kNsaGd7V1M,-0.006178,3.50,2V5Vk7AnZBhdnHcUZUYq9a4kRPeTUsW1bPJnNoYWauyHsKE6hR7iDNsQsZwNampdAZTbzraunyu22HVTLBBUJnme,429593536
2026-06-29T04:23:28.000Z,BOT-182,6u1uG1zm5kiR5NMXgCrEiDyhkqRiBqc7H2qjkMbNVbKY,BUY,AKr5cpCFfQpNA6pSVLxkUVkVfrEnVk9ht4kNsaGd7V1M,-0.010277,7.00,4zmTjugSdEveygafzHxRi1LfhwSvAudw8reCpBPwhBrtscfGxM4nSjSDQpsb2hN2dumAyNLbnncEm1YmbWFkPvZt,429593503
2026-06-29T04:17:35.000Z,BOT-136,ALh3HBh5QSezNwSvSpzpa6Zc8bfqxuw3bDv6EtYDtNZJ,BUY,AKr5cpCFfQpNA6pSVLxkUVkVfrEnVk9ht4kNsaGd7V1M,-0.005768,3.15,5CapAfdXCsyzK2awr3FXsJtzMU2PcNtdL1MaM5AW79H5J3PiWJmgzSrRUt4Gr6jsA76RoveVyAeLrygqnT1qHTkZ,429592646
2026-06-29T04:17:26.000Z,BOT-114,D7FDiPLSMzTdYkBmgTv5m5c1GG9Gw8qNdePqT1sMgXjv,BUY,AKr5cpCFfQpNA6pSVLxkUVkVfrEnVk9ht4kNsaGd7V1M,-0.006178,3.50,4Xs9645PoXKysymhXCmcRGgAmk2k8wvcybct5vLJxw9zBh3rtEyAtPpvzGQ2DbXgu3VNCUrYGxyZhtvf6siJDgNt,429592625
2026-06-29T04:11:23.000Z,BOT-118,GafUNxDESC7agUXAcArXJt7CVac86mGJPc4ea7R16U9,BUY,AKr5cpCFfQpNA6pSVLxkUVkVfrEnVk9ht4kNsaGd7V1M,-0.006178,3.50,5shdqAo5sVtdiWbp7Goxm921kCdUmi3wz27TY4T1X7EW9zJwGTFYrno6DeMdgquMGs71oKiRURYGPXRTS7kPdLso,429591739
2026-06-29T04:09:49.000Z,BOT-370,6mVuzmg7t7bbJnVcutCeAmq6c5EjSPdEb8jSRaNMFhs8,BUY,AKr5cpCFfQpNA6pSVLxkUVkVfrEnVk9ht4kNsaGd7V1M,-0.020582,15.80,532s5CzST1kep6wocUvfj8rhfqiCqzhM1uwvp6pi7HfPUXa4cabcvXQF3Cy8Z7G74n9VRGvp4YFuxcDyeNShuCoB,429591506
2026-06-29T04:08:13.000Z,BOT-042,nkHLBkmkExUBHJ8w6AUjkrWq4M7QKaUU7fF2URpr8Lx,BUY,AKr5cpCFfQpNA6pSVLxkUVkVfrEnVk9ht4kNsaGd7V1M,-0.004104,3.50,Xd59ALyKV4EWPQQN4xYEk3YNByZZ4HZX9jCrmaAtcTdrQBmhEjDKEqX144UCJKwAd7Yd6LH52MGufGW4huNyCBb,429591268
2026-06-29T04:07:53.000Z,BOT-050,B34GgNS9MGtzrjnkNSd69thTCe3TCgggVWWvYb63C9dB,BUY,AKr5cpCFfQpNA6pSVLxkUVkVfrEnVk9ht4kNsaGd7V1M,-0.003811,3.25,4xeD91aLX6hdn6zb9b9YrGKzXDWCQPLMJt6XWKkAatWSpfeNuWYQaQZ6di4kFCLMVqUA2cAJiN8FADNe6kqFuhrN,429591216
2026-06-29T04:04:19.000Z,BOT-088,DoMCWuYzT2UcUCScaLZc8WTCdh5KDBggu7aEkugxD8tU,BUY,AKr5cpCFfQpNA6pSVLxkUVkVfrEnVk9ht4kNsaGd7V1M,-0.004104,3.50,rGcbJAN3qnH8qCfu92aYhUDWYPzvsKHLLAEmfNYgZACFpBvHjkbzLtKnNsUALBaiMnifg9Ds3FheaehE4mdSwGW,429590686
2026-06-29T04:00:50.000Z,BOT-348,FEH2scACQBZJaeaVYwRwzEWrSPD2me8jmxh7FxkmQMqE,BUY,AKr5cpCFfQpNA6pSVLxkUVkVfrEnVk9ht4kNsaGd7V1M,-0.010277,7.00,GHYPGJQyB28AgxYyQdyod7hTtGb2bzKtchcTNASAEDnpkMk4FJQQoEDqeHFUVUpZt9GtGb9ezVxZKvG1uvsGoJd,429590168
2026-06-29T03:59:35.000Z,BOT-335,4oYsBG5fTswFy9UdFZJfAQiCNhkAGinDommPQe3k9JdM,BUY,AKr5cpCFfQpNA6pSVLxkUVkVfrEnVk9ht4kNsaGd7V1M,-0.018474,14.00,2VqRMBCGyhuaz8asXExohUzrmJnRjH77QF7Qo6ZYPn6a7wjMqvyid1k52SQH2MF5T8uVxS8SomVYwmcmGVXxPmWn,429589976
2026-06-29T03:55:26.000Z,BOT-310,fLiyzYcA2H3aiiWzLbbHoYed75bfxSsx7yEHZsovJhe,BUY,AKr5cpCFfQpNA6pSVLxkUVkVfrEnVk9ht4kNsaGd7V1M,-0.008286,5.30,4sqVMfBJCEbrXb7S1e3ddoiB2ienNurKdjNXgH1TMBWeWY465qvKavHigVV4sx3MM79BXvSjr5WW4HSj1NfdVppb,429589353
2026-06-29T03:55:04.000Z,BOT-322,AEAEbJzhYoj3H6tMBKczkuUcPG5trMLPEvZ4THmx9KYX,BUY,AKr5cpCFfQpNA6pSVLxkUVkVfrEnVk9ht4kNsaGd7V1M,-0.019210,16.40,28sp9Jp6LBqb1mad8BQXMszUEi9dXA96qu2Xzy2xVkd1TKCEA2qARPU9Wj1eknaUGG3P2RoAZfeeQwWmQPQ9mfc8,429589299
2026-06-29T03:54:06.000Z,BOT-322,AEAEbJzhYoj3H6tMBKczkuUcPG5trMLPEvZ4THmx9KYX,BUY,AKr5cpCFfQpNA6pSVLxkUVkVfrEnVk9ht4kNsaGd7V1M,-0.021284,16.40,26wKuevXBTYj7qJrZH6WDpRN9KY79Nh7pf8myeRH4hSVutmxLB9DWxWNFqy5yx7hSG6gbHg4Y4cK5PeYK7jTD5QA,429589151
2026-06-29T03:41:36.000Z,BOT-033,TwPwfAiEqqzrzeEhQghsunQ5q6WbxYUGyPJ4AYTJ1oy,BUY,AKr5cpCFfQpNA6pSVLxkUVkVfrEnVk9ht4kNsaGd7V1M,-0.007441,6.35,3sRuV9TEmQ3hhMcskZD2BzWcgvmsrcDmmjN7Fjw5MhYw37e1oHydyx9S4gbN2dPeLVN9t35nF8sC7QHqPkuyZi3E,429587292
2026-06-29T03:30:43.000Z,BOT-393,2tcEDSnHPCEUx8FE8UZhTZjcKCZ6QucyK23kJ9GAnyQ9,BUY,AKr5cpCFfQpNA6pSVLxkUVkVfrEnVk9ht4kNsaGd7V1M,-0.018473,14.00,3ziHTYeT1Ae6yjKWFXQKYCrXFjGBMxkPvAd2mx6J9LAndz66W8NfXq1s44dhWYS8JYvD1Pj9DUykFxAzk43Q3F94,429585689
2026-06-29T03:29:48.000Z,BOT-390,GPGN6dRoVMQj5w65mYjGvwWTwgVGvQJYC7u3D5Mpcmc3,BUY,AKr5cpCFfQpNA6pSVLxkUVkVfrEnVk9ht4kNsaGd7V1M,-0.034866,28.00,2FQkURgnLwNpNk4v91mRyrHDVbrsBeaiuv4mG9PrcT7wFxjMAByvWcess6HpTRPEuXeDAaWLSgcrnudbMdx1boJC,429585547
2026-06-29T03:27:34.000Z,BOT-392,3J1NPdPYNCRhHmfNsiSPSDMG7rDNAagKahgGinYEmbPi,BUY,AKr5cpCFfQpNA6pSVLxkUVkVfrEnVk9ht4kNsaGd7V1M,-0.026669,21.00,3HPQxrRh8e95ajwXTkU7AW5dEsR2FW9gSFAqhPJxr2CMqX5zZkQJhRXQ41V8q6idKM5Mwcs9nRy7dyVbieDDZrAa,429585216
2026-06-29T03:26:36.000Z,BOT-373,Hn2rhYEswJBEWViSsyiqdgA9CLGG4mS3U8wbKiTpCDtT,BUY,AKr5cpCFfQpNA6pSVLxkUVkVfrEnVk9ht4kNsaGd7V1M,-0.061326,50.60,3TKtdxtDsb5r1mdM769TpxeYaHCTqN9iFDKjHKM3Ko3TDz1o12FEUeDLECQLaHxVEqqwvB6N7VXcifVig9PhYjoP,429585072
2026-06-29T03:26:31.000Z,BOT-389,E5MKsfiNxZhXdeSb97UHqBcMMTMkKgx3T8VTPkDYdhyB,BUY,AKr5cpCFfQpNA6pSVLxkUVkVfrEnVk9ht4kNsaGd7V1M,-0.006177,3.50,5XFNryzCjKPteJwJHLVAtaqVYN8VNG2fVfwau8dfiuVsZaSQvN8vhFnsiKBpHgMdymTYSoqu71Tduhi3BttDkHHH,429585059
2026-06-29T03:26:25.000Z,BOT-386,DnXB54JoVvkSk4dy7nfSjkhDT9Fkyuf2phUoWsnpuc4s,BUY,AKr5cpCFfQpNA6pSVLxkUVkVfrEnVk9ht4kNsaGd7V1M,-0.026667,21.00,4SWErTeAEr3bkcuS9UWtLvUM5tN47iCNppukQTe4ok2SLjYdFXgwjYrUWaCtiKsuiMFngVVqQPy5Ks6XfYSR8sv9,429585044
2026-06-29T03:25:57.000Z,BOT-384,G56VgwpSdN5JWLPrsHPSaHnUpnLhcpdojfYcFUnsUn36,BUY,AKr5cpCFfQpNA6pSVLxkUVkVfrEnVk9ht4kNsaGd7V1M,-0.006177,3.50,5fv8LuEorQivuvkvNHKsrqbmcGQK9X8Zvj3Pu68545RPdUydGadNgxFpwMpZdC3gnbBurBUb2GsH4u6CjfjveKau,429584975