Bot ID,Wallet,SOL Balance,USDC Balance,USDC (SOL equiv),Verified At
BOT-001,iEUcaHNqo7USPXZyWPuZUStWPY3X4NPgV1NkUaiSYth,0.002806,0.00,0.000000,2026-06-29T08:38:26.060Z
BOT-002,GYTuFBjkzRWHCnd2aMzGScZYGvA8x2EPBTvfFDPqe6u9,0.003054,0.00,0.000000,2026-06-29T08:38:26.060Z
BOT-003,DCF4jD1mBAzQQWokgHDzqRPMmjLZryAhb555f9EKKYjW,0.004975,0.00,0.000000,2026-06-29T08:38:26.060Z
BOT-004,9PKVa4QBVXucDSq9sGmiNrepY5zcfeaPDwHkkqkiWVhA,0.008986,0.00,0.000000,2026-06-29T08:38:26.060Z
BOT-005,DEjAzxZqswS4WiEw7X5iP3WpEPkfbrnvAmN2UG2Jqn6b,0.003584,0.00,0.000000,2026-06-29T08:38:26.060Z
BOT-006,8ptXrDxqFqmhkKNRa4aRHpF3guCAnDwHxd1MN3Rs6Tv3,0.001383,0.00,0.000000,2026-06-29T08:38:26.060Z
BOT-007,B995LDLtehKxNsicMstTnkappCnEhBjWawmRMmSq84R2,0.005900,0.00,0.000000,2026-06-29T08:38:26.060Z
BOT-008,8p55oXhoWGqoGL3WraFeA9sAsJv7ZbfGsVHNj3xfCZHH,0.005477,0.00,0.000000,2026-06-29T08:38:26.060Z
BOT-009,DyPNhBgA2FqVnACy4A2gnprmTajYUJjafzQNVEG6FabS,0.003537,0.00,0.000000,2026-06-29T08:38:26.060Z
BOT-010,Stjn55oSJsqmMC7zTYebStuXf4rb2XvbQTPxGkhyQ8K,0.010811,0.00,0.000000,2026-06-29T08:38:26.060Z
BOT-011,HYqzDi9TLKQfGikuymw6yX2EChjy72jid6RL79Gr8b5v,0.004922,0.00,0.000000,2026-06-29T08:38:26.060Z
BOT-012,5iskKQ1HC3dv7mUFNXKqkAQ3gteB1ETQbdwHhkaHaNvs,0.005324,0.00,0.000000,2026-06-29T08:38:26.060Z
BOT-013,BvC5p28it4bpEAVccowdqUuzhQRjjBnUpGP7z7LoSF3D,0.002931,0.00,0.000000,2026-06-29T08:38:26.060Z
BOT-014,Hrus17Rvg2Me8dmksxtbwQ5ZJ2d6MNv4GH4ZCi448hGS,0.001509,0.00,0.000000,2026-06-29T08:38:26.060Z
BOT-015,BSbxDNbMX1kDTKe3sraUMNRkekksh2GpM7dTobAUDjbS,0.003228,0.00,0.000000,2026-06-29T08:38:26.060Z
BOT-016,7RrrKeKrgg5oPefMXek9KmbdH3rRTx2Jjqz8iL65wftP,0.005085,0.00,0.000000,2026-06-29T08:38:26.060Z
BOT-017,5rjGbVP8fNDcGW7dt3zoDEWDv8XSovqH1jxffxm9QBQT,0.003657,0.00,0.000000,2026-06-29T08:38:26.060Z
BOT-018,HgQeA5mBgjAJ8FSFmx66ujT9o6s2SK5bgxqebqCGFTic,0.006087,0.00,0.000000,2026-06-29T08:38:26.060Z
BOT-019,B2rJpVEPyg1jvSkv8iiYDaT6nEt9Qx2m4boh2qGAtNNX,0.001212,0.00,0.000000,2026-06-29T08:38:26.060Z
BOT-020,BsHN6tetbwBUppsiaKrjLvpEYSHPvaF2bgUrjS6zSix,0.006042,0.00,0.000000,2026-06-29T08:38:26.060Z
BOT-021,Hp2MsEdkwRqu2MRShhv4dNYDNn7TZFRk8smAKLR4gJB5,0.005125,0.00,0.000000,2026-06-29T08:38:26.060Z
BOT-022,A31wYGd25GxbHAHZAiJCYAczPNnggm3srnom9E51aJsZ,0.004993,0.00,0.000000,2026-06-29T08:38:26.060Z
BOT-023,8P3Qo2dx92wBiE1yvFxw4F5d1sXM7QWd1Eh3a6cTTiin,0.004695,0.00,0.000000,2026-06-29T08:38:26.060Z
BOT-024,ADSKQT8vgKFpKuxMnuTa3uyxypdPCPzmuoxp5jxZ5xLe,0.002832,0.00,0.000000,2026-06-29T08:38:26.060Z
BOT-025,4dVBz5bQHQZQbrwezoPfRSXihb1QP58cB8x3e7xqE7Uk,0.006987,0.00,0.000000,2026-06-29T08:38:26.060Z
BOT-026,FcsUYaXQkd7SbPe97gUJmbus34fmod8eTh5VMmX5a7w2,0.013164,0.00,0.000000,2026-06-29T08:38:26.060Z
BOT-027,BSG4qnSCAYdmhQMETzmiQgGNYKwkLpjxtT85twREcR1J,0.003739,0.00,0.000000,2026-06-29T08:38:26.060Z
BOT-028,5TYopDwHcFr8BMAp6cr2jCW335KkqQGk2vM6uq46vR2c,0.007081,0.00,0.000000,2026-06-29T08:38:26.060Z
BOT-029,BeuCcgXzVwrLDVTZ7d5xxvrKwchX25CXJHA1xcB1aKwj,0.005391,0.00,0.000000,2026-06-29T08:38:26.060Z
BOT-030,2Lkti5YYKAbdgW5Bjppa1Bsr49d7HjBRBFq7CSqS9d3z,0.001268,0.00,0.000000,2026-06-29T08:38:26.060Z
BOT-031,5Fskzb4iUNH78VExuSfFkUxNhS69KiLgbFyELTnaVkzW,0.005265,0.00,0.000000,2026-06-29T08:38:26.060Z
BOT-032,BgU9ohhhgD3yBe59jpQMqFsdUZATaivJEGTRKXd1rh5e,0.003487,0.00,0.000000,2026-06-29T08:38:26.060Z
BOT-033,TwPwfAiEqqzrzeEhQghsunQ5q6WbxYUGyPJ4AYTJ1oy,0.010715,0.00,0.000000,2026-06-29T08:38:26.060Z
BOT-034,8wMzLTDPUbzbtD8wEUSMB97N39PVbJoj3VWfQFR9PjDj,0.001153,0.00,0.000000,2026-06-29T08:38:26.060Z
BOT-035,4PXifq1sxSQTagqz77uvKCNKgf2NsUiZCE2EbrzQekiV,0.004909,0.00,0.000000,2026-06-29T08:38:26.060Z
BOT-036,ED6WiQQAwaNUjBd7rxe3kSuyseS9skTKBHPCYmgedPu6,0.002399,0.00,0.000000,2026-06-29T08:38:26.060Z
BOT-037,7AhVtbgpbajay7rdXA7dMccJ5nxVdS5WyKm6irdqN3eR,0.007140,0.00,0.000000,2026-06-29T08:38:26.060Z
BOT-038,FYk5ae6nKHCML2KmKYuEsmcTVgYHomgenSeU1qaUx1yQ,0.004598,0.00,0.000000,2026-06-29T08:38:26.060Z
BOT-039,AaNVTtd46soWr3C151i6J5pcHSmCnmqLBXedyzdUkJYM,0.006655,0.00,0.000000,2026-06-29T08:38:26.060Z
BOT-040,DLhGvhHhZAiKJ7A4mLKBXpeBgMqNzzEpHobyPp4YiAfb,0.006238,0.00,0.000000,2026-06-29T08:38:26.060Z
BOT-041,594eWpwbVkSdzwWiuUAxgmQWoewgiJ3yufGGKyUjYcCe,0.003452,0.00,0.000000,2026-06-29T08:38:26.060Z
BOT-042,nkHLBkmkExUBHJ8w6AUjkrWq4M7QKaUU7fF2URpr8Lx,0.005876,0.00,0.000000,2026-06-29T08:38:26.060Z
BOT-043,ABfQU7F8ViAJHBTtDUMwzUiSf1G8vTGx5NqRk5kCE8B2,0.005881,0.00,0.000000,2026-06-29T08:38:26.060Z
BOT-044,3GzG6wCeK954jPckRK16GTzFczyjTwvx1vs6BeKkmgdX,0.005881,0.00,0.000000,2026-06-29T08:38:26.060Z
BOT-045,DRCS6P1vdy7wzmkRMssKstBQ1niAN66ovfKYEH7SfjKF,0.003624,0.00,0.000000,2026-06-29T08:38:26.060Z
BOT-046,3GQJT7oZVHspxR8XyCzmWmRxFfGyjkL4rver8E8R8amj,0.005831,0.00,0.000000,2026-06-29T08:38:26.060Z
BOT-047,Cv3Yc51hvewNDvjCMVzrAP7yZjowRaGwGUZpyjyziMA3,0.005873,0.00,0.000000,2026-06-29T08:38:26.060Z
BOT-048,6P7fW48NYPHg3SWYAgXMei1CiiUHxqYoggzDEzFb92XU,0.001975,0.00,0.000000,2026-06-29T08:38:26.060Z
BOT-049,CyRZYFunuLDMN1ACRaFkJbhZZ1AV9WETgQWqAyQjpgwz,0.007233,0.00,0.000000,2026-06-29T08:38:26.060Z
BOT-050,B34GgNS9MGtzrjnkNSd69thTCe3TCgggVWWvYb63C9dB,0.005443,0.00,0.000000,2026-06-29T08:38:26.060Z
BOT-051,4Fpp7SjGEenchmdam4SrwrTbsSkUf3LpQ8ccBASRjCXo,0.001532,0.00,0.000000,2026-06-29T08:38:26.060Z
BOT-052,8wChbd9yJAfvGpkDoyxbTXtdetU8sQFkL3USfMjTmu14,0.003806,0.00,0.000000,2026-06-29T08:38:26.060Z
BOT-053,7FivuSpVA1mJ2pgxKnH2o8wofCCv8B7XVwtGDtibrvDq,0.005880,0.00,0.000000,2026-06-29T08:38:26.060Z
BOT-054,G9dpHg1Ze4uziSrRXDUMbVmso3RKLMi39QWm36vfCUXU,0.005875,0.00,0.000000,2026-06-29T08:38:26.060Z
BOT-055,AuhvnQNXGJMU7oc7tpojmbjUVakCekMka4m9qNLDwC2G,0.005970,0.00,0.000000,2026-06-29T08:38:26.060Z
BOT-056,E5R47nGxoz9Cd5sGo6p4vcCBMsFB9D3YBFt5bN2xQhLc,0.005873,0.00,0.000000,2026-06-29T08:38:26.060Z
BOT-057,4ipAHLJ9vQV2jTkM6oDMcijJ9a7mDSDuPK8Cy3DBAc8Y,0.005881,0.00,0.000000,2026-06-29T08:38:26.060Z
BOT-058,Fg6vsDhbb2XfLLFWdkneKkSEU2R2z4Wn9hEMhuC5v4Rj,0.005873,0.00,0.000000,2026-06-29T08:38:26.060Z
BOT-059,CRxdxqyqSmx66wyZvcbJ9mfnnr9gYeDuMo8MVS3JMc7o,0.000981,0.00,0.000000,2026-06-29T08:38:26.060Z
BOT-060,AZDmPQ8PT6zYQtfaASGF4xnbqXvLh6BVJYUxaNJXfvNg,0.007548,0.00,0.000000,2026-06-29T08:38:26.060Z
BOT-061,E4MwYe1XDesckZbWHC1CKUh2iZc3DC5PonzxkqW1nfT9,0.005881,0.00,0.000000,2026-06-29T08:38:26.060Z
BOT-062,H61nQEm3aBbyTsGkQW8ixPRgisC82Z5gcogvkvHtALct,0.000975,0.00,0.000000,2026-06-29T08:38:26.060Z
BOT-063,2HuSpu1gFPMEdSNgXcZCMYKZSgPN7B2tyjkgVmkdsoFZ,0.005881,0.00,0.000000,2026-06-29T08:38:26.060Z
BOT-064,GRPNxG8tFMLXnAv8m4idk18hG1dfNk7RBvYe5ehViJov,0.009980,0.00,0.000000,2026-06-29T08:38:26.060Z
BOT-065,GBHYTfAKo2PeMuBB4fk1kz9dLgPCoZM61ucFt1kYNwpr,0.003801,0.00,0.000000,2026-06-29T08:38:26.060Z
BOT-066,ECC6XrSAq53zZfv6fXufpv8hZt7XTRt185iZz2HbQpvU,0.005881,0.00,0.000000,2026-06-29T08:38:26.060Z
BOT-067,JxrsLpX3VdgNWohMAWjJjtoAqPUkqHgMgHpTzHAQD8v,0.009980,0.00,0.000000,2026-06-29T08:38:26.060Z
BOT-068,DkqSG837osfxD8FHUasfc15mbbBUrdznaE8MoqCiifXh,0.005881,0.00,0.000000,2026-06-29T08:38:26.060Z
BOT-069,2qn6ad94SA29bvQ68DqJKgZXP268TdR74uxwB9fPFq1J,0.005874,0.00,0.000000,2026-06-29T08:38:26.060Z
BOT-070,A2k4a8nef9GZxvWUjbNV5jBfCtUvXEC3jfroxjHKKzsn,0.005201,0.00,0.000000,2026-06-29T08:38:26.060Z
BOT-071,3u5pEjFWkrKRYmaxYx7hYhGLsqV8CCTMvyPTTm7a2yjr,0.009980,0.00,0.000000,2026-06-29T08:38:26.060Z
BOT-072,EdA4FseUoBQrCKejYnm9sh8LANN7n2VeHwYMx9k1c7mf,0.003804,0.00,0.000000,2026-06-29T08:38:26.060Z
BOT-073,A78p1ugHzSneC5Y8QATp7LfkdRWo6GeJydnxBPjsmYSp,0.009980,0.00,0.000000,2026-06-29T08:38:26.060Z
BOT-074,F3FHCg77wyxwJ8es5NXfThvH19N93EArjnFTWMrCfC2P,0.003807,0.00,0.000000,2026-06-29T08:38:26.060Z
BOT-075,7C5jzZT1CjQiBHCpcf4Jc1vLVNjf6tVz1EHh3MEQtz5Z,0.003806,0.00,0.000000,2026-06-29T08:38:26.060Z
BOT-076,3q84uzC8hk6j7okFxBVfrG2HbZFuBLjSEZ7kUiTZHrWm,0.001529,0.00,0.000000,2026-06-29T08:38:26.060Z
BOT-077,Aydv1AAjKKD55tuaLX841aQVTXVK1Vytcmpfm4vkh9kK,0.005354,0.00,0.000000,2026-06-29T08:38:26.060Z
BOT-078,DHTKAHJQFRh5a2vuHsCVjEahSyQmVeVu1Hf7HMPU25gq,0.005186,0.00,0.000000,2026-06-29T08:38:26.060Z
BOT-079,9RP2c7XBobZ3hvAdBt5y3a353Z1DtCLtWMsBngxLham3,0.003806,0.00,0.000000,2026-06-29T08:38:26.060Z
BOT-080,BauGeTRqJAAmQJ1hUAjGaBaT5cmfuJKTEQdnv1C3THdu,0.005875,0.00,0.000000,2026-06-29T08:38:26.060Z
BOT-081,Cz38HyGb68W63wKnBRbNpYooEqYNmaZWTRZfiVU3DVgr,0.005181,0.00,0.000000,2026-06-29T08:38:26.060Z
BOT-082,AjJSjS26RwQVR6VK5h2QqWFPoWNJZWJcDUtQQFRpqPWm,0.005881,0.00,0.000000,2026-06-29T08:38:26.060Z
BOT-083,9YpBWDzuAjHExrAexFfJQ3jYmJwgopYExSiLiD2W3rEu,0.007637,0.00,0.000000,2026-06-29T08:38:26.060Z
BOT-084,66yuZUGGWV9R97DCZ7a3CQ8q5yuFQRQhw1MDwRGdQ7X9,0.006062,0.00,0.000000,2026-06-29T08:38:26.060Z
BOT-085,DaiC5gBofjsLf2XNbxDtwiC2wbBatJyKuS2FdEA8wyev,0.005874,0.00,0.000000,2026-06-29T08:38:26.060Z
BOT-086,JC8E4JwJuwZkoequbrwsdPcbd3KT3MxFatwECXaLWkVL,0.005881,0.00,0.000000,2026-06-29T08:38:26.060Z
BOT-087,FLrPWEfZiuoDRMKPbFvTGnysL1y16HyhEKR5i7C5JJXB,0.005881,0.00,0.000000,2026-06-29T08:38:26.060Z
BOT-088,DoMCWuYzT2UcUCScaLZc8WTCdh5KDBggu7aEkugxD8tU,0.005876,0.00,0.000000,2026-06-29T08:38:26.060Z
BOT-089,4cj112rY8trtshH5yGgaB45g16Bm4FwUkDSnGYMxvcap,0.009980,0.00,0.000000,2026-06-29T08:38:26.060Z
BOT-090,9SrMfMeVjHHQSt5DsNDHKcz3hUYK7JpuQXERExxNL3Am,0.008493,0.00,0.000000,2026-06-29T08:38:26.060Z
BOT-091,76XNXcjPpxyga9GPtXXUYPqYn24f8Xoa1xuFnvfKApn,0.005880,0.00,0.000000,2026-06-29T08:38:26.060Z
BOT-092,33Ez1ogNNJtx1pAZi8MyBKnRs6PQQCXCmoqhj7vuhaNx,0.005798,0.00,0.000000,2026-06-29T08:38:26.060Z
BOT-093,5XVqmWkhfNusBQ5EeesHucRqZfEoN23WZL9Sgh84h1V3,0.005880,0.00,0.000000,2026-06-29T08:38:26.060Z
BOT-094,GnCLTpU1DjEiMtA5GZG8d17si8bR6xqV9ynZPQepkhem,0.005013,0.00,0.000000,2026-06-29T08:38:26.060Z
BOT-095,4KkmpgzdwMhr1axJkoZgff8fQjY3DfTTRZDBvbPbdpag,0.009980,0.00,0.000000,2026-06-29T08:38:26.060Z
BOT-096,61h6d8F29FhHRAoGTartfRuPs5qVhTs3RJu5oTCz9aM2,0.004901,0.00,0.000000,2026-06-29T08:38:26.060Z
BOT-097,EU386fs3JmL9jRxFauogurmqXeQtsiU8bnKU4Uz5SEwn,0.009980,0.00,0.000000,2026-06-29T08:38:26.060Z
BOT-098,7prW4EKZMdPP8iiKR5oj42qhFPRTbLKTBaMg4mNa2bep,0.009717,0.00,0.000000,2026-06-29T08:38:26.060Z
BOT-099,4gPT9tkRctKX93AKpbkwbdM4aZaPwLNDTNjRVkENSQDe,0.003806,0.00,0.000000,2026-06-29T08:38:26.060Z
BOT-100,4aM6YJHExMsEVbERYtU3N7sWRuZUfe8j9KR5BtDqGkPM,0.005185,0.00,0.000000,2026-06-29T08:38:26.060Z
BOT-101,7iRHXSJ6fhHgyd4eSD6PRPonmkPoW7vLV1xRgUdVAPJG,0.001531,0.00,0.000000,2026-06-29T08:38:26.060Z
BOT-102,GkpJBKWztqr2AyXJe7K8J3qCBs1P5Np4WbEBXK56Xevi,0.006158,0.00,0.000000,2026-06-29T08:38:26.060Z
BOT-103,2Pedfpe2hdyyBGQHkXS4cxH8VsEDthpivGCJ8wtAcNrD,0.005240,0.00,0.000000,2026-06-29T08:38:26.060Z
BOT-104,AdPQf5HHHLhVJMBPUp34FN3qo8SEpRQDAugz5FHzaXLM,0.003806,0.00,0.000000,2026-06-29T08:38:26.060Z
BOT-105,BwdHsrJLVV67GudQeQ4wPkaWp8EteFK8An4eCVY8eNQK,0.003806,0.00,0.000000,2026-06-29T08:38:26.060Z
BOT-106,BAAtFcYzF7VbqiJUsazGyyndUXrzX8Q58RmiQeAEBByP,0.001528,0.00,0.000000,2026-06-29T08:38:26.060Z
BOT-107,9QytuS29JWojoToXxkrV5rgjfJ6isKRaVnMQATYsqwrW,0.009980,0.00,0.000000,2026-06-29T08:38:26.060Z
BOT-108,2d2xvWMe42KZkpnuwuy2Yr1hrw36sAgzxawDdPyDRPmT,0.003806,0.00,0.000000,2026-06-29T08:38:26.060Z
BOT-109,Ae8L6KfV3Tk1oUuCHxVNyccJ2SgFzayyo8YBx9rzhenm,0.003803,0.00,0.000000,2026-06-29T08:38:26.060Z
BOT-110,3mjWJxx9FYSzvU4Ndp1v4uVR59MtaJnJgmr29fCukTs9,0.003803,0.00,0.000000,2026-06-29T08:38:26.060Z
BOT-111,5VWZrHs8wNEHMcdqZxogc6ZnXz74SacjHTR98mqPoaGJ,0.009980,0.00,0.000000,2026-06-29T08:38:26.060Z
BOT-112,AqbZg13K6PYphgCbcwvsYUfLyWT6fEPLUMuT9F49VYXr,0.003802,0.00,0.000000,2026-06-29T08:38:26.060Z
BOT-113,5xU6SFoGmN4mqyyGtcbqMGUYDH5GYuvQVGh19fw8q2hb,0.001534,0.00,0.000000,2026-06-29T08:38:26.060Z
BOT-114,D7FDiPLSMzTdYkBmgTv5m5c1GG9Gw8qNdePqT1sMgXjv,0.003777,0.00,0.000000,2026-06-29T08:38:26.060Z
BOT-115,2eWWnAiep2kHCqsQc3mH4ALzHETLFmc5cy6dcav377dN,0.011534,0.00,0.000000,2026-06-29T08:38:26.060Z
BOT-116,76RbbZ2pRgvfCvRANqRGB384VhjPUg5PghPuZYkTgjek,0.003806,0.00,0.000000,2026-06-29T08:38:26.060Z
BOT-117,H7EqTNc3C7jRVXL2c8trv8hqtvXXgxftbRVSCcvTxiuf,0.003802,0.00,0.000000,2026-06-29T08:38:26.060Z
BOT-118,GafUNxDESC7agUXAcArXJt7CVac86mGJPc4ea7R16U9,0.003802,0.00,0.000000,2026-06-29T08:38:26.060Z
BOT-119,8t6bDepHRbAC9Yggu2QtjZ2w5ZuNWJQwEoGeL7ZZ5TqU,0.009980,0.00,0.000000,2026-06-29T08:38:26.060Z
BOT-120,3L3Bwgx5TLVHDk9Rymyr8NZ8dqUb89tssZL5upUnBDM4,0.003806,0.00,0.000000,2026-06-29T08:38:26.060Z
BOT-121,J4xEVrcP13s4nktkqmujvA87xL9iz2hxiRR1XzT1McR6,0.006717,0.00,0.000000,2026-06-29T08:38:26.060Z
BOT-122,9DF3vSanK1HTcG4PBKViwhrobzKRkE7HUJbrgtGCSpH6,0.006671,0.00,0.000000,2026-06-29T08:38:26.060Z
BOT-123,2xiggKr39PUGkPR3qoFwDDM7xjFkQHt9WZZdKwK67DPX,0.007660,0.00,0.000000,2026-06-29T08:38:26.060Z
BOT-124,CR4Y9hq1XNUBWhYPK94NkWLZynm9jELu82GFgEDwoqNQ,0.008339,0.00,0.000000,2026-06-29T08:38:26.060Z
BOT-125,EuEVRmFmodKZsfvdzkjgQcWcL49eUPQX2AYDLKCCpPMa,0.005877,0.00,0.000000,2026-06-29T08:38:26.060Z
BOT-126,3boBqBkU9rRezoypCHqwHPqfBCmQbLJUMHDtEE9rPwa2,0.005681,0.00,0.000000,2026-06-29T08:38:26.060Z
BOT-127,G1V378Y55UHmBopPJnoSeiGMNfv8fyB1uNgKSgnnw1Sm,0.005321,0.00,0.000000,2026-06-29T08:38:26.060Z
BOT-128,4LMjoWeQNoUtMrwCUMVR4RJrGZVfRnViuvee2Ne1ufGm,0.010112,0.00,0.000000,2026-06-29T08:38:26.060Z
BOT-129,GBmu3HE2DVFUeXeVvbajqfAJQRxcWsHoA9ZoS7ooyEgE,0.031366,0.00,0.000000,2026-06-29T08:38:26.060Z
BOT-130,7ViVXdtgasKgCQwFpJXD2sjj7smR3NP4JsDrkuqjLsnW,0.002474,0.00,0.000000,2026-06-29T08:38:26.060Z
BOT-131,AHH51VTQDDSsU92crocmzXY7DtcLUCrHryJm7AKfRias,0.005557,0.00,0.000000,2026-06-29T08:38:26.060Z
BOT-132,5nppHwJGpdUiS6QnEzZ9wJ6ZdcP3n1Jj3uWX1UWVxa6m,0.002404,0.00,0.000000,2026-06-29T08:38:26.060Z
BOT-133,BBbQ9oAdE5TTKdWWPjJSaEUBw8N1iidzvz85fFRNoZRN,0.005200,0.00,0.000000,2026-06-29T08:38:26.060Z
BOT-134,EUSZzJwVY1GCyWSfFVyqeSS1vvDmGLLcdDTvchop1Rz6,0.009980,0.00,0.000000,2026-06-29T08:38:26.060Z
BOT-135,EcGeiVc5KSYtrh2SX7Jd8fVU1erhQFBm5ru7EeN8JbAJ,0.003800,0.00,0.000000,2026-06-29T08:38:26.060Z
BOT-136,ALh3HBh5QSezNwSvSpzpa6Zc8bfqxuw3bDv6EtYDtNZJ,0.003263,0.00,0.000000,2026-06-29T08:38:26.060Z
BOT-137,BiA3txSWB9QEky8CAzvgX373ZJmZRLFRZEAqsZzWCBDj,0.003799,0.00,0.000000,2026-06-29T08:38:26.060Z
BOT-138,E2EwXBJk8nX1wBNGRKzCncmMLPJfh3HAE5QmztZGpTQm,0.009980,0.00,0.000000,2026-06-29T08:38:26.060Z
BOT-139,HeLGeRA2a9H4jsShZyAmtX7FWZprCqmcCtx5VYDLq35o,0.009980,0.00,0.000000,2026-06-29T08:38:26.060Z
BOT-140,4fnoaB6EgDsMquxf7VeT4QamyYeNyNoQj43gBvvXhuxE,0.009244,0.00,0.000000,2026-06-29T08:38:26.060Z
BOT-141,ZWrLT9w2tt4KrYQZTtdpftxVPYqMtCV6wX41U6dnExg,0.004780,0.00,0.000000,2026-06-29T08:38:26.060Z
BOT-142,GcLGbbd9XUDDrN2NrxQs37tnBDtBevMK5ZLRSYNjkmNQ,0.008663,0.00,0.000000,2026-06-29T08:38:26.060Z
BOT-143,G3NZmH9bLThKC9H4FWkMZpRj5FBAUtG7FiJa3xgGY6zt,0.000899,0.00,0.000000,2026-06-29T08:38:26.060Z
BOT-144,3feWxv2pe53WXyL9oHsF9hrafnPD7Q7QUz3QwKzMadsd,0.005957,0.00,0.000000,2026-06-29T08:38:26.060Z
BOT-145,Db852Az3357M9ZJfSR6wwEXCe7cxkHScwbGm2KUoeLLB,0.040127,0.00,0.000000,2026-06-29T08:38:26.060Z
BOT-146,3wEjBtTKTrMJJW6bVUZn5JFB8K2V1ANCwkqpkBhqyK5A,0.010573,0.00,0.000000,2026-06-29T08:38:26.060Z
BOT-147,9oTgWoAQzFVVrkHwTmKjxztwmQtq2Hb5wgKHpACX2nkq,0.010205,0.00,0.000000,2026-06-29T08:38:26.060Z
BOT-148,FKvR4MaDBBwqt2eo59kApPVtmyxXtGi8GXmnciVd7etP,0.011824,0.00,0.000000,2026-06-29T08:38:26.060Z
BOT-149,ESy2YBGXujhmAKKh68WLvXF8fPEwHktUfuDP85qxJeVw,0.001718,0.00,0.000000,2026-06-29T08:38:26.060Z
BOT-150,GSrJTpVrdhpLtLh39CwVmxcj3A7Qg9x7Kyd9iFUhJCdo,0.009980,0.00,0.000000,2026-06-29T08:38:26.060Z
BOT-151,82GxSV8x2aK2ZxGBT1GcNku3XiPgpDRG9TEtq4vL4Ft6,0.009980,0.00,0.000000,2026-06-29T08:38:26.060Z
BOT-152,5c2byLSYjn58sSQjijwqiAZUp2LTLvuV7nnnfjkwPt32,0.012168,0.00,0.000000,2026-06-29T08:38:26.060Z
BOT-153,FoBKQGZ9GJ7fwG1DfG3cGY9uXjBUp2Wif8SBjpzpgVLY,0.005392,0.00,0.000000,2026-06-29T08:38:26.060Z
BOT-154,5mSNRXZwi6qAZFdWaY1Ek5ZY6XqEkMVwawraByWRpcUR,0.001261,0.00,0.000000,2026-06-29T08:38:26.060Z
BOT-155,32EcPyeku6fAxTVqWziAn5FpG55H3wfZUwYP8c3zdDr5,0.022756,0.00,0.000000,2026-06-29T08:38:26.060Z
BOT-156,HzVfH8hE92uNwMMUPvtTNXYCdmb5uVX7C6SPaeB6Ws8n,0.003805,0.00,0.000000,2026-06-29T08:38:26.060Z
BOT-157,FF2u2nJ8ESwWqscXGQm7hNkNo4CnRKaLGeTzX6xu7T2Y,0.003533,0.00,0.000000,2026-06-29T08:38:26.060Z
BOT-158,8cKzxuqxtDJf1jGLL1dvcj5kNotwxGZNg2dmztDWkYqp,0.004981,0.00,0.000000,2026-06-29T08:38:26.060Z
BOT-159,DG1rG5WZxDgS84xFK4Kbpa6WnGgETuZZBWaAQ2aBeSb1,0.004390,0.00,0.000000,2026-06-29T08:38:26.060Z
BOT-160,DuTT2aeUW34h9keWxNX3BVJz3AGXXnWWLcspPmmfqskn,0.008933,0.00,0.000000,2026-06-29T08:38:26.060Z
BOT-161,FqzzZoN81nEsCq2n5YxQuWU82VyG6BDhgNWPtKgMvdJP,0.003946,0.00,0.000000,2026-06-29T08:38:26.060Z
BOT-162,DUePpK3YyCAsm9EWsRc1WTPp1NxPtyoGCkAMFUwLoTrR,0.077623,0.00,0.000000,2026-06-29T08:38:26.060Z
BOT-163,BfajaaKtaNy9th6MuStDjB1ieHnD3rBgbJHumpaDxnsD,0.002973,0.00,0.000000,2026-06-29T08:38:26.060Z
BOT-164,2bCtrneVjRqxpCKH6PKCrdA3SNSbeAXgZPF1u1EGQuab,0.001691,0.00,0.000000,2026-06-29T08:38:26.060Z
BOT-165,J1dz6aTCQ3XpUrooUqGgAAT52esMTysVSZstRPubdZNy,0.009137,0.00,0.000000,2026-06-29T08:38:26.060Z
BOT-166,FqEG6dib3chDX5b7K2fXgyvqbkcfEmbWycjJ96iV9VN2,0.030300,0.00,0.000000,2026-06-29T08:38:26.060Z
BOT-167,2TzVnPsgyKhSqzrL4b35M9MgFWp3dRKCucKguxHNaK3f,0.008490,0.00,0.000000,2026-06-29T08:38:26.060Z
BOT-168,3EYJjz1drtmt17y5uVyaNrWaiP4Dqbu7AMzDBxfpKFqd,0.015984,0.00,0.000000,2026-06-29T08:38:26.060Z
BOT-169,86i7w9JHWwqNmg7gSLJHUGdoeXoknXip728qNtr2iScp,0.002702,0.00,0.000000,2026-06-29T08:38:26.060Z
BOT-170,G7z2RRfhK3Af85Ag861nXDt9ZEm84SZnr3ecGmmgnKst,0.002167,0.00,0.000000,2026-06-29T08:38:26.060Z
BOT-171,JCVD2XtonnP6yPT228sUbq1G9EJkpXapfwwHr5SPP69C,0.003672,0.00,0.000000,2026-06-29T08:38:26.060Z
BOT-172,CBL9qs2GSfRbXpANcJERNRSm8FSqEzPEdUuCzPJydRe6,0.009839,0.00,0.000000,2026-06-29T08:38:26.060Z
BOT-173,68hj29z1CNDdK1JRyk1iujW7uHvNTmGmBVCvCRxJ6Szv,0.004419,0.00,0.000000,2026-06-29T08:38:26.060Z
BOT-174,2j2rbsjfgnKuksopk7abprNE8kFhakmPcgdccVcuA7bF,0.007081,0.00,0.000000,2026-06-29T08:38:26.060Z
BOT-175,3nhP9a6JGiLkUiwraFoKy1odysQcee2Z16kPJazuSoV5,0.008904,0.00,0.000000,2026-06-29T08:38:26.060Z
BOT-176,3USybBfqDwUfER3hVCZTZCdJxy2guyqrVyYxoDKmCmFA,0.003149,0.00,0.000000,2026-06-29T08:38:26.060Z
BOT-177,2SkjFzpTrBeHqoj7TjgX31kdV9GooNqDGfnvxQWCm3SW,0.009980,0.00,0.000000,2026-06-29T08:38:26.060Z
BOT-178,HPJMykyEByudngmr26b1Jz4YkXGTyKnEAjHhNgTg4syX,0.003805,0.00,0.000000,2026-06-29T08:38:26.060Z
BOT-179,D1W5pJJ3fiDJahSw2ge9ELmqd1go3v4BXMerTikZvTjv,0.009980,0.00,0.000000,2026-06-29T08:38:26.060Z
BOT-180,3fzzxuzUiqR5qLMHwspWDZVzsCKb4RDeb3uqzt26U98D,0.009715,0.00,0.000000,2026-06-29T08:38:26.060Z
BOT-181,8chBrqfM3RdqLrDRGtQko39DgJJnzmv9y4JJ7pRggaQ1,0.009980,0.00,0.000000,2026-06-29T08:38:26.060Z
BOT-182,6u1uG1zm5kiR5NMXgCrEiDyhkqRiBqc7H2qjkMbNVbKY,0.009708,0.00,0.000000,2026-06-29T08:38:26.060Z
BOT-183,E7Rif7YtSGEJ9Kizfp7pz5PiueJ5fPZViDkecd8DBgdf,0.009445,0.00,0.000000,2026-06-29T08:38:26.060Z
BOT-184,FEttJg5hNvsv5GkzUUrQzjkPubiGJBhbvmwW2UWMG3mv,0.009980,0.00,0.000000,2026-06-29T08:38:26.060Z
BOT-185,CE5Ask1PZ2rz4VurnzsX9KAsg54nkec3GqeH4MpvZXwc,0.001522,0.00,0.000000,2026-06-29T08:38:26.060Z
BOT-186,FfmvApyhbPMqjesF4vAhDFFs624aptyrRf9nmEAMZZUL,0.009980,0.00,0.000000,2026-06-29T08:38:26.060Z
BOT-187,DWrPD9Ws9q2PLGGd9k618u1Cokd7Nj6Mm1LBZide9xUK,0.009980,0.00,0.000000,2026-06-29T08:38:26.060Z
BOT-188,4d1GiC8HcqS9DRcGerSVrhuaCpA3f4vBU2cBadrDooYK,0.003805,0.00,0.000000,2026-06-29T08:38:26.060Z
BOT-189,EcjrxPVhFYamhXTwBc4dddxU8Ti7ucTY6NNXETGASYqZ,0.003802,0.00,0.000000,2026-06-29T08:38:26.060Z
BOT-190,DfAqCMBSqFPr4CVpYmBJWJxKTV9gYWkkVNaGw9YfwAmD,0.009980,0.00,0.000000,2026-06-29T08:38:26.060Z
BOT-191,2pbdSAaLycX7ru6i1YHMQHkWVFM8hqf5SHhgEcuEsHJ6,0.003805,0.00,0.000000,2026-06-29T08:38:26.060Z
BOT-192,6udT3YZoDYWivNXqENLknMkYaLbTzbgLYEYDKXi1B2o4,0.009980,0.00,0.000000,2026-06-29T08:38:26.060Z
BOT-193,2PcjUXiU1jSXwMiax4iCHheZ4vfbYyBX9e5egaY2CHBm,0.003803,0.00,0.000000,2026-06-29T08:38:26.060Z
BOT-194,dbqqvBDbY3nn1XScYe46zDQ8kqnsT43bXKyzQAStfyF,0.009980,0.00,0.000000,2026-06-29T08:38:26.060Z
BOT-195,7mxn2487gCruMQTWacRaAQqKDFk9sYeaYBS5aRXaKU49,0.009980,0.00,0.000000,2026-06-29T08:38:26.060Z
BOT-196,8cxXCKnkcc4hNDNK3easmqGLjUA7STYUywCLCyLzsZDP,0.009980,0.00,0.000000,2026-06-29T08:38:26.060Z
BOT-197,4EJTNyyCXGWuwpuuhmMhBjVv3BLopjyezMSmfGMjM2y2,0.009980,0.00,0.000000,2026-06-29T08:38:26.060Z
BOT-198,BTeB1Mw1n6T9kBuCdtTUmQ2L2zPv25ZUuWEASsfxUQTW,0.003802,0.00,0.000000,2026-06-29T08:38:26.060Z
BOT-199,5P4m7MQXc6nxv7skymRCRxZgWtZ5u57HSuscrN5XCFCp,0.009980,0.00,0.000000,2026-06-29T08:38:26.060Z
BOT-200,FeAaqnaWSumbyjV31CaZLXWPedmM2BV3agV5jVwg5Uwu,0.003799,0.00,0.000000,2026-06-29T08:38:26.060Z
BOT-201,39QVcVcAumNpDspVGXMkj4eifnfz2ZNuNRXoFozUzzq4,0.004076,0.00,0.000000,2026-06-29T08:38:26.060Z
BOT-202,27edNnGi4xVKPxT8u93HaKfkVdBnY6yLak3n21Lc8xp4,0.032808,0.00,0.000000,2026-06-29T08:38:26.060Z
BOT-203,CT5rt9Dhjp9WyvbBSHJJsDLBsBaiMf5qKPqmdNVQ2EKo,0.079836,0.00,0.000000,2026-06-29T08:38:26.060Z
BOT-204,EQki8vehfttnkA95gC8Din3m5roCL6BP6xEx5Zyj4K6W,0.005351,0.00,0.000000,2026-06-29T08:38:26.060Z
BOT-205,Ea51Jxi3aCBvU4tX7YadHoUEyCG8goiYH5bFdqYCc7qV,0.006616,0.00,0.000000,2026-06-29T08:38:26.060Z
BOT-206,6bPNgSjRcWehgK3jKRVyxZko4marzGAMAv2jyfbdDLiH,0.005729,0.00,0.000000,2026-06-29T08:38:26.060Z
BOT-207,B5AWnAzRUJPLWZcFUrwqbCyNHqjtKC6FKuDwLaLq91s6,0.032011,0.00,0.000000,2026-06-29T08:38:26.060Z
BOT-208,9hXUSejdh5FomkXTLz1FpB5WtCwHKdjdtKmCDY1GMaf4,0.032199,0.00,0.000000,2026-06-29T08:38:26.060Z
BOT-209,C7JksGWgwQiNP8mBvZGP8gbEDPH1MgoL6NixSSvPNp8u,0.003585,0.00,0.000000,2026-06-29T08:38:26.060Z
BOT-210,8AXYj3kB5TZoo2NWAoTEmygbzLpA8qDjURq9YBG77BaK,0.002022,0.00,0.000000,2026-06-29T08:38:26.060Z
BOT-211,G56zMDZsVcc5dG8fV4jpCwuqCaKqVWed4Vn5ZzVXA1hs,0.004663,0.00,0.000000,2026-06-29T08:38:26.060Z
BOT-212,6rJXyGdb6DquG6SNfv2jMrdkSyCcTdMPbmBwHtNidf4u,0.009828,0.00,0.000000,2026-06-29T08:38:26.060Z
BOT-213,98ay51CKbBRf11Y5kMsRNYzvR6Y38oxSDDnfXQbGdaTP,0.002472,0.00,0.000000,2026-06-29T08:38:26.060Z
BOT-214,3DGk49KVnQoB4E8xRjFLUvhGkFQZm6FqctfE97CkLjmD,0.002707,0.00,0.000000,2026-06-29T08:38:26.060Z
BOT-215,DUCvnwb1Zfq6efeDYYgRk6XcWq5jFKukSb3QcnSjjgs8,0.009009,0.00,0.000000,2026-06-29T08:38:26.060Z
BOT-216,2QXSZA6BFq4u6nMhcPfNTp4U4oZsfH9dwwBskhM3hG1B,0.005099,0.00,0.000000,2026-06-29T08:38:26.060Z
BOT-217,B6SkNrpYcgu1AeSANArbWtyoLAcz9LMdmAQsdp4QfZx1,0.004912,0.00,0.000000,2026-06-29T08:38:26.060Z
BOT-218,7HY8HvCeebExo1cQVzrPnDDgySHfYa32heA2sxgX1yyp,0.071419,0.00,0.000000,2026-06-29T08:38:26.060Z
BOT-219,5LA9FfWy2HdhyNkV9HjkLFiPPVk5aFWKgoEiLmNUcebk,0.005032,0.00,0.000000,2026-06-29T08:38:26.060Z
BOT-220,6ehv34Jt5PbTpY4vcp5dE3Vc3hojAgJKhDEgq9wEphUU,0.008302,0.00,0.000000,2026-06-29T08:38:26.060Z
BOT-221,6sE4CwcknDqjmBbQpZ5W6dChgfvu85cKArb6EFbjkkQx,0.012185,0.00,0.000000,2026-06-29T08:38:26.060Z
BOT-222,EoBFvk1chYasdJgdhSn8oqCyCbejF27gYizbDYrLBnAo,0.006000,0.00,0.000000,2026-06-29T08:38:26.060Z
BOT-223,Duh4yPiwvRikC35kCYaDGyUoZxd7eVuUwcppfQtnfNms,0.006045,0.00,0.000000,2026-06-29T08:38:26.060Z
BOT-224,A9BGnpcFQsqCHsR5eGGCKeShxuqJx5qDGunucRXPdjjh,0.015906,0.00,0.000000,2026-06-29T08:38:26.060Z
BOT-225,8g2dp81QB8dkuPT4xMEfUEcGetVixBCX6KLbzy9yHDpv,0.002655,0.00,0.000000,2026-06-29T08:38:26.060Z
BOT-226,5eQpYJkaprRUkVeVXAGZ7HoFJfq7bk5L4MJEVuGrg8AP,0.068813,0.00,0.000000,2026-06-29T08:38:26.060Z
BOT-227,3tUDTbtJarMqRKJdoReri7zx7t7o1MZwKgMVv2puoFxY,0.004915,0.00,0.000000,2026-06-29T08:38:26.060Z
BOT-228,HmmJbU2zAysyNvCjMvQow7A3kRGpAiRhRGY7ufPjZRND,0.003568,0.00,0.000000,2026-06-29T08:38:26.060Z
BOT-229,22rpihUPhbAqdsfDor2vZvSsK1zdPPKjwMncMmL65ejc,0.087339,0.00,0.000000,2026-06-29T08:38:26.060Z
BOT-230,HZi3btQG9Fzv95Tq89VfPtW9dmzzDUUYH1bZPX5Etnmk,0.015314,0.00,0.000000,2026-06-29T08:38:26.060Z
BOT-231,ARth4Dmqyjg8KoUBEBsURDm1TGPZebvdpJNLBui6bHey,0.006663,0.00,0.000000,2026-06-29T08:38:26.060Z
BOT-232,8ZZWmvs7no92KBofYbrD4nSqdZFzdGuebmSTjh7gTsM2,0.011537,0.00,0.000000,2026-06-29T08:38:26.060Z
BOT-233,DrG1wrEhe2sdFiAPvgQSvemMR6YvUx97PNYgVVgJhnu2,0.009980,0.00,0.000000,2026-06-29T08:38:26.060Z
BOT-234,7mNYLV7AAnfjahosFXLXeP1JkHPZ4eaDYP9Q9SGaWvaR,0.003301,0.00,0.000000,2026-06-29T08:38:26.060Z
BOT-235,95qCsxgiPtW8PR1eyg7LGuksACP1pcBEi93nZ4eSd43R,0.009980,0.00,0.000000,2026-06-29T08:38:26.060Z
BOT-236,A68B3LmSPbMMaoANvEqYqsghByGjQtkCFzurTdX4wzJJ,0.009999,0.00,0.000000,2026-06-29T08:38:26.060Z
BOT-237,H91RWintcVcNiiTFsK25KbJ9GqHcrMHb4ZqzQ7Kyom6X,0.009980,0.00,0.000000,2026-06-29T08:38:26.060Z
BOT-238,4L2DdngKETyMo86SdLmdzeAvVHAuCG3718kExd8F3v6j,0.006913,0.00,0.000000,2026-06-29T08:38:26.060Z
BOT-239,81Lg4a4NyxWnnVZHzVjsa9Wv4H8b9v7GsfNSbbevRwY,0.005119,0.00,0.000000,2026-06-29T08:38:26.060Z
BOT-240,pFd7o8qVgwRR1Youm4b1c4i5NHFwJUomyJsaa8Vjk9o,0.003800,0.00,0.000000,2026-06-29T08:38:26.060Z
BOT-241,GqNRKEJ7YAJQ86QQ166BDzumrnnRUWBWup9MUjmc16GT,0.003417,0.00,0.000000,2026-06-29T08:38:26.060Z
BOT-242,CiFo2zRj6KRb1xjBMC2DpF3okfDYTv6uj2yVEXr229xp,0.007657,0.00,0.000000,2026-06-29T08:38:26.060Z
BOT-243,HZs2HLWyVgXHqLHMhFRsKBr4NxHKBrkuJAdJKtz6mPtu,0.008051,0.00,0.000000,2026-06-29T08:38:26.060Z
BOT-244,7h3VRFvnxwhDdvMUkZg4waUhozn3bW5fjGhzKQ9Dwfaz,0.052778,0.00,0.000000,2026-06-29T08:38:26.060Z
BOT-245,DEugfBW9pQnDbctkeMMxcLKvVD6pUGhp2vafZWfCynd5,0.004084,0.00,0.000000,2026-06-29T08:38:26.060Z
BOT-246,G88fQkyzPtJw4gGcjux5gHdi7UjUhcEgU45bV95ygDmZ,0.001235,0.00,0.000000,2026-06-29T08:38:26.060Z
BOT-247,92ve4BnGFefANMDd12b3Cr973z46dR74NTjDyQBSACmT,0.003187,0.00,0.000000,2026-06-29T08:38:26.060Z
BOT-248,B6NyJQSMQN4G1XWRpWAzXjgZXjJQG1nXKhEfcGzxALL6,0.004645,0.00,0.000000,2026-06-29T08:38:26.060Z
BOT-249,4VBgP5kwuzA2C4eVgFLg2qPBs3Kr5uuxvheTr46p7uJf,0.002636,0.00,0.000000,2026-06-29T08:38:26.060Z
BOT-250,Fi5ei9HYSC6sovZmYAyWKvHgpCMqaLd93mtY1okSYaqW,0.001975,0.00,0.000000,2026-06-29T08:38:26.060Z
BOT-251,EcH34TdowcMzT3rqm7N37EN8Sj1bX1rSjzaE8mWADjth,0.001665,0.00,0.000000,2026-06-29T08:38:26.060Z
BOT-252,5ZyyVvQNrTFzKcLfKytJev9hBYGyVysDCRH1mxpXmacr,0.007021,0.35,0.004862,2026-06-29T08:38:26.060Z
BOT-253,FYQaAGjdTu7JyC2QR9sJR2aUA4LYwuc6xUTz4osBvH8J,0.005118,0.19,0.002649,2026-06-29T08:38:26.060Z
BOT-254,8PsunuimCXCS9pyXCvSXtQr1sxn28jNaBJhPQpjaw4a3,0.009985,0.21,0.003021,2026-06-29T08:38:26.060Z
BOT-255,GpHfbvxMJpyCSNYRo4dv28ex46ZG8xhtJaPYUAcb6iXG,0.009980,0.21,0.002948,2026-06-29T08:38:26.060Z
BOT-256,JD6kxaUE2LQAso7kSJJr2XagowhYgheQ5E24AoGEQP2q,0.003851,0.00,0.000000,2026-06-29T08:38:26.060Z
BOT-257,82tBAmy7dxhJ2DVCVcBAhh8zxoU9X4CjznsxSV56yy6h,0.009980,0.00,0.000000,2026-06-29T08:38:26.060Z
BOT-258,4Mh4WYSHgHX7MuoxWh6dUSjdtrkNswoYPHgTco2t4TZL,0.003327,0.00,0.000000,2026-06-29T08:38:26.060Z
BOT-259,SiUuq3fZ5taT8VDyAXppoDYcZJ7o8yZBFby4oCvNXpm,0.009980,0.00,0.000000,2026-06-29T08:38:26.060Z
BOT-260,BhZPfwWDEc2uVVJxNwoaNu2fRm2qnf5hvwywAg9uwoc6,0.009980,0.00,0.000000,2026-06-29T08:38:26.060Z
BOT-261,3zwhAnRUNkFTUKYwyJd5NKTndB8vLsYdRSasQwVV4SeQ,0.009980,0.00,0.000000,2026-06-29T08:38:26.060Z
BOT-262,GXeB7NYUyrikMob1PCpNGfggCmgJ5BihLcvrbEaEL7fw,0.009980,0.00,0.000000,2026-06-29T08:38:26.060Z
BOT-263,DfjMHme8otakV5TuEvMZa2jhLmkfPD2mWNC26xmUwiPq,0.009955,0.00,0.000000,2026-06-29T08:38:26.060Z
BOT-264,6dHiydUJhbooz8nfRytQR79jh8pF8QJkLnxtx9FMfnMe,0.039995,0.00,0.000000,2026-06-29T08:38:26.060Z
BOT-265,FjLWwFAEkjWYaJqJZbdCm1PuUEjCcppgAWZRuqmKXYro,0.003299,0.00,0.000000,2026-06-29T08:38:26.060Z
BOT-266,966sNd4ZMueenQdBLHcsu8Zro71Zj6ncTTWE9wKPtMiE,0.001528,0.00,0.000000,2026-06-29T08:38:26.060Z
BOT-267,AzjjzRM7LCx7anjJBpW5YxFhVpMx92LseB3LmYEqAgL6,0.009980,0.00,0.000000,2026-06-29T08:38:26.060Z
BOT-268,BSkexvbUbduKXrdA2EBXvp8A28gq5tY21Uy5pQBwJUfv,0.003800,0.00,0.000000,2026-06-29T08:38:26.060Z
BOT-269,DFaG6tgs1Pp82GTvoN6tvStov8uJdAQqqZEdThGfmRQG,0.003323,0.00,0.000000,2026-06-29T08:38:26.060Z
BOT-270,F7eBmmCAGGNP41d1ruoSaR8EBG4NRWdBTMWAEpsjte4m,0.001511,0.00,0.000000,2026-06-29T08:38:26.060Z
BOT-271,CzTrRwDGFEt7r7YZPnbgoRzRNgX5r3SQiW985A6nWSEP,0.005178,0.00,0.000000,2026-06-29T08:38:26.060Z
BOT-272,HCzt5uhAFGtY1aiAJB3HzSnP4ZzS4vwgP5Xp4rod9pak,0.009980,0.00,0.000000,2026-06-29T08:38:26.060Z
BOT-273,JC3FSJERbDVjiNxgxjvvAfxV8NZympYAPZK4YvHpuNgo,0.029990,0.00,0.000000,2026-06-29T08:38:26.060Z
BOT-274,AR9SWysngXw1hrQauHbcA4jVyVBmAGgQfg2AYdpjKkML,0.001518,0.00,0.000000,2026-06-29T08:38:26.060Z
BOT-275,ETms4tTioWrevq6mxyzUq2fnkJzqTsb2eAUNKqviB7jz,0.006956,0.00,0.000000,2026-06-29T08:38:26.060Z
BOT-276,4stgmiZu7D9ipYB6mswskLMtcbfLYyCsV7NFYw4NL2tT,0.015189,0.00,0.000000,2026-06-29T08:38:26.060Z
BOT-277,7P3EQZjpAsKgfic2vy9TGiFNQbABTWoNDkQrAT6ah3v6,0.005201,0.00,0.000000,2026-06-29T08:38:26.060Z
BOT-278,8j6smReUetuaeFbnGSHry3XU96W3uYn8AFhQWeQ1ywf,0.001530,0.00,0.000000,2026-06-29T08:38:26.060Z
BOT-279,7j67hHSNqpuVd5ng4AUBahQpns2GGXEzVRHbwN1KPGqx,0.005124,0.00,0.000000,2026-06-29T08:38:26.060Z
BOT-280,5WRRPANZpGwRWzhh3GRD17qavFpyct9rApm2cA4WV2W4,0.019985,0.00,0.000000,2026-06-29T08:38:26.060Z
BOT-281,FEP5w4gaN7qom7NhsBr24vjgJ4o4uGAPsBeRih7R9em6,0.007182,0.00,0.000000,2026-06-29T08:38:26.060Z
BOT-282,2qtVPao2SiDQaqgNgaVvBYKFURfxTsbbKpTkUwEdkLED,0.005700,0.00,0.000000,2026-06-29T08:38:26.060Z
BOT-283,ERGGawmueQ59hmhR33iZUD4R1aay4YUQTZA1xNWya6Dq,0.008781,0.00,0.000000,2026-06-29T08:38:26.060Z
BOT-284,9puiGbTuk95CGKSt61R2N1f9MsnN974iLyVPbtk3MDaP,0.004961,0.00,0.000000,2026-06-29T08:38:26.060Z
BOT-285,kjNz5QByFNn1YqX7D5xAZURbxqvmHw2GE7BpRs9YJf9,0.012583,0.00,0.000000,2026-06-29T08:38:26.060Z
BOT-286,6nGMjETDnbGFEVW2YNw6uBb8GfRYKRLf2mBUxBGRiNvS,0.024984,0.00,0.000000,2026-06-29T08:38:26.060Z
BOT-287,C4aR7LEvUE92JdWudAfjoruNBzZRfAuxRLnDgJWEtDth,0.001752,0.00,0.000000,2026-06-29T08:38:26.060Z
BOT-288,CtZfA8NBUFZU6m8CJkcepDRdPvXcEun8bwFNM6HunVxU,0.004985,0.00,0.000000,2026-06-29T08:38:26.060Z
BOT-289,2mcXMriFXiJCT2qhTEjYgB2K6FRG6Bjog1P76f2eKasm,0.005376,0.00,0.000000,2026-06-29T08:38:26.060Z
BOT-290,C6TALirbuSqPJ1526gu8t5o99kRdTYZ26ceqA4HtojJv,0.001898,0.00,0.000000,2026-06-29T08:38:26.060Z
BOT-291,BbHzv2gh4dNNhahjZKT7L6GWTfcMk57shPRk66VAxvCs,0.007377,0.00,0.000000,2026-06-29T08:38:26.060Z
BOT-292,J1HsPZMCWMJy4YKK25z3fU9vhq7fuB16m294Pvz25oh3,0.014001,0.00,0.000000,2026-06-29T08:38:26.060Z
BOT-293,3bRfRhKTK4VVvK9oygr4hdnTCRn5FEih1UXtittxifSR,0.010490,0.00,0.000000,2026-06-29T08:38:26.060Z
BOT-294,5SUceT3jqVPAbJJeHktdiaDrgpEYWZjgYwtPg2i5eR5J,0.007638,0.00,0.000000,2026-06-29T08:38:26.060Z
BOT-295,EU1S19EFHNTFGnEpCoffWXYRQ2zvosFDGFBy6nhaYAjY,0.007326,0.00,0.000000,2026-06-29T08:38:26.060Z
BOT-296,9zkyMf34Qoppw7dQY4NXujfx5EXF6QCkEckZVKSLr1Ck,0.003734,0.00,0.000000,2026-06-29T08:38:26.060Z
BOT-297,6TCkk8MiGoYSa47y7a7PW4McxtGmb1km1KEE5jiauUp7,0.005435,0.00,0.000000,2026-06-29T08:38:26.060Z
BOT-298,9CcPopQ2gvHcB3cjRVKr6PPpqWqJw1EU97ofHjvatCsU,0.062001,0.00,0.000000,2026-06-29T08:38:26.060Z
BOT-299,DwbxsRmB4cw291SadNuYVA46KuKCdUSzd3xTPeeKvQH2,0.007783,0.00,0.000000,2026-06-29T08:38:26.060Z
BOT-300,6xJU71D8oANX3ZoztFGHGXVgRkMxaz3ubivpTXZ9YrBx,0.003286,0.00,0.000000,2026-06-29T08:38:26.060Z
BOT-301,79U2pzk7DfzJRG2ZVexprRrWn1Qsrddnx1QQYmbWKCwY,0.003508,0.00,0.000000,2026-06-29T08:38:26.060Z
BOT-302,HGkAucZW8FxV3VypEoJSEnvewy7wVB4BrmcurCcNHWWZ,0.100133,0.00,0.000000,2026-06-29T08:38:26.060Z
BOT-303,JAETtWvTkXpo5LydeCnci22pBzbMG9nCVBpvzPHj6gSo,0.009980,0.00,0.000000,2026-06-29T08:38:26.060Z
BOT-304,5QB94kHJSJhYXxnxWcFnWWtuBafCaM1DC3JCGM7JTMmc,0.009980,0.00,0.000000,2026-06-29T08:38:26.060Z
BOT-305,6dUn5HmYKbDTeP4CoQzkNpwHsSCXPj7ipQyjY67XaY2K,0.001501,0.00,0.000000,2026-06-29T08:38:26.060Z
BOT-306,H1ypRvSD8xUvVZxfc9VRgQDrzAFbeofWZL8tUQJQmqcz,0.011534,0.00,0.000000,2026-06-29T08:38:26.060Z
BOT-307,8KkTSt4YXpUKyehDPt6XsiZgtziwfnajkU3sFkCJQc2s,0.003803,0.00,0.000000,2026-06-29T08:38:26.060Z
BOT-308,3VCy3x1Yfo6vGTguozsfYqSqGvvJMQGFfvEyDHTnb1rP,0.001533,0.00,0.000000,2026-06-29T08:38:26.060Z
BOT-309,GRgNmQFUviGpFSuYtWEuKd5KNAU6Qxu8tpwa9qZPrQzU,0.003312,0.00,0.000000,2026-06-29T08:38:26.060Z
BOT-310,fLiyzYcA2H3aiiWzLbbHoYed75bfxSsx7yEHZsovJhe,0.006911,0.00,0.000000,2026-06-29T08:38:26.060Z
BOT-311,4txfevesxdF2xbXZHUcRw7ZJGCQzTCEyA64qcgsgzGtT,0.003799,0.00,0.000000,2026-06-29T08:38:26.060Z
BOT-312,o7oRriCBCLJGs3X68iVKUNuXaZnTVipmmTBrrx599fN,0.006087,0.00,0.000000,2026-06-29T08:38:26.060Z
BOT-313,4bWzwgm81wLkA6tsRZyU68mcjeJ7T6GuTMReZ9EqZEeg,0.009980,0.00,0.000000,2026-06-29T08:38:26.060Z
BOT-314,6cLAv9KmwYBcbziTbB2BYj3EET38SqzCko1JxrahhZnE,0.009980,0.00,0.000000,2026-06-29T08:38:26.060Z
BOT-315,88kK4cdQVgiLTGw1CBkUdiQQQSKcCnLAuPSqoukpGBMa,0.019985,0.00,0.000000,2026-06-29T08:38:26.060Z
BOT-316,3U62WqohBaJWTtSuzxR333Enjd9maYxpWfUaWxXgBp4N,0.005184,0.00,0.000000,2026-06-29T08:38:26.060Z
BOT-317,H9k7BeQBiM93PG88MK48MkdMneHTtDaLsiME18YDzJ5H,0.005099,0.00,0.000000,2026-06-29T08:38:26.060Z
BOT-318,9j4NNiFMt6AM5QvuD8etP2AURXwXTT6EFZibax2g6Ysc,0.039995,0.00,0.000000,2026-06-29T08:38:26.060Z
BOT-319,9vEUQ4zqz8HCY1S6jE298CjPY1kFtgKWoEt33K9wmtgK,0.011538,0.00,0.000000,2026-06-29T08:38:26.060Z
BOT-320,7sobTdhzwFpo2QPUCqtmQTq27BR6RBJuzjfs8DBYsDAX,0.003803,0.00,0.000000,2026-06-29T08:38:26.060Z
BOT-321,Ynn5on5h6YbZwEZGrsMdRqb345ufWRXMAH18yhR4Cjg,0.001279,0.00,0.000000,2026-06-29T08:38:26.060Z
BOT-322,AEAEbJzhYoj3H6tMBKczkuUcPG5trMLPEvZ4THmx9KYX,0.006364,0.00,0.000000,2026-06-29T08:38:26.060Z
BOT-323,AfKUm1RdrwJeLWYKZ3zAkTCKjMDJuy9FQgr5edGdaRwd,0.215466,0.00,0.000000,2026-06-29T08:38:26.060Z
BOT-324,B8CVew9De8Ls8iQBmwJntMpB6CpgRZDKtXhFN6g3p9Yq,0.001975,0.00,0.000000,2026-06-29T08:38:26.060Z
BOT-325,93XQYHFAwKctavRsc8tsRRrhRCunRXjaU8nLTaNvvd7o,0.008623,0.00,0.000000,2026-06-29T08:38:26.060Z
BOT-326,GFFMXuaUkvyGX6qQqihieDVxuVCte217VfNiNqxtBbFG,0.055641,0.00,0.000000,2026-06-29T08:38:26.060Z
BOT-327,JAYhW5NsjjKitTLCaXcUMCCYoQsSjB5DGXNaJxMN39Tb,0.009077,0.00,0.000000,2026-06-29T08:38:26.060Z
BOT-328,GHjidfwRHVSFV7t3zHALf4x82Zf8ELLrcSWGuugS4wiB,0.007719,0.00,0.000000,2026-06-29T08:38:26.060Z
BOT-329,73irPjDiQVZYrWhS36QxPEMoMNsBHi3mV3GzPxFtsgjv,0.003803,0.14,0.002027,2026-06-29T08:38:26.060Z
BOT-330,E3G57hHhM3USvwUNs9gzm8T7fhC87U6DbHYWtyutuZJ2,0.009980,0.20,0.002789,2026-06-29T08:38:26.060Z
BOT-331,4FSMHg77rmdpsTBsK7qTy7E7ZVYrdhRycpDJRfcUmQ8u,0.009980,0.15,0.002062,2026-06-29T08:38:26.060Z
BOT-332,C2ZrgUVyCWoTZT2NUj6irVig54uFHg1EvCSLjCBxfCiE,0.003799,0.13,0.001895,2026-06-29T08:38:26.060Z
BOT-333,8dRXGi3rpngVwzMJcLz2JsoMvHLRCfguUckfMGnVBeYQ,0.003799,0.17,0.002432,2026-06-29T08:38:26.060Z
BOT-334,7jJFzuvEFGUDzhEnNdqd85e6CTZnx7HSah7jsK7dpia4,0.009980,0.19,0.002667,2026-06-29T08:38:26.060Z
BOT-335,4oYsBG5fTswFy9UdFZJfAQiCNhkAGinDommPQe3k9JdM,0.001511,0.16,0.002212,2026-06-29T08:38:26.060Z
BOT-336,2sQgnd4Ta76Vrw4ovGgCer9ejqx5PeQvnaY1K84H5wDe,0.009980,0.14,0.002025,2026-06-29T08:38:26.060Z
BOT-337,DtdeNmcFSmYXCamVvY9cMkLhVph2C2EASHAQ1TGJhk69,0.003799,0.18,0.002509,2026-06-29T08:38:26.060Z
BOT-338,798wK11igaATGW3T89bYoMScDbeiM6QtGhwciYMPKu2R,0.009980,0.19,0.002710,2026-06-29T08:38:26.060Z
BOT-339,HnEm9jYrm5mHTqMUwfdWXB2pgxuUCk84aNjR5tiFeBAY,0.003798,0.19,0.002660,2026-06-29T08:38:26.060Z
BOT-340,2Lit28zWPuU7KfhVMq7GJTnLFvbVwQPQgmoxWiFMh6sH,0.009980,0.15,0.002169,2026-06-29T08:38:26.060Z
BOT-341,8VvHXUpnWwTvLiL29Hf9oopoFtUXqcG5N8qVhez8umKr,0.015618,0.19,0.002742,2026-06-29T08:38:26.060Z
BOT-342,CvZLwewDNceRNUJwXAhNTMZaHHrWyja1XuDP8yacuYFQ,0.003798,0.18,0.002529,2026-06-29T08:38:26.060Z
BOT-343,EjafQoJkGSVB4ZSZZVnnc6WMi5XV8ktLMkjBRLWPU9Pw,0.009411,0.18,0.002469,2026-06-29T08:38:26.060Z
BOT-344,7RBJQ4QW3U5oXddhsw9fgQQhJGuvCFqgzg7PsfCXvLxi,0.029990,0.17,0.002408,2026-06-29T08:38:26.060Z
BOT-345,HZCjmwe637Hbxsj333K7bHqid6V5gsEP5qTjSDZaybyw,0.005137,0.19,0.002741,2026-06-29T08:38:26.060Z
BOT-346,DzLNrdJvGq68pvSz1pxxdDVDM5B17WArZEgnbzZM6Xms,0.009980,0.16,0.002255,2026-06-29T08:38:26.060Z
BOT-347,9GBokv2HtomZcA15Gfs3UayW5FknEKT7Qn5fBCVNWAGi,0.009708,0.19,0.002672,2026-06-29T08:38:26.060Z
BOT-348,FEH2scACQBZJaeaVYwRwzEWrSPD2me8jmxh7FxkmQMqE,0.009708,0.16,0.002188,2026-06-29T08:38:26.060Z
BOT-349,vHY77qQs5S6CMTSY1yjR5kfMm8JcaH6zw7kg3Kgdewp,0.039995,0.14,0.002042,2026-06-29T08:38:26.060Z
BOT-350,GPhWcRabiY4zY17WRpRXpv1hKp6Tc9udiDVJHDfxWenv,0.003803,0.00,0.000000,2026-06-29T08:38:26.060Z
BOT-351,34u4eaZrVWfyNzawYqhRc7yVb1qZeCqisha1H92ua743,0.003799,0.00,0.000000,2026-06-29T08:38:26.060Z
BOT-352,CnA7YNKtQRYVYi1UdwdMXSNa2tzqjHvZL7HuSZSTFksh,0.015184,0.00,0.000000,2026-06-29T08:38:26.060Z
BOT-353,Fkavqb1NeFFbokYBMD53jixzXYbXMkJTDKi5rNXi8cnz,0.009980,0.00,0.000000,2026-06-29T08:38:26.060Z
BOT-354,ACkji6vGA3MZL51nPejQjKAE55eac3iC1MFoMGoCeFbM,0.002464,0.00,0.000000,2026-06-29T08:38:26.060Z
BOT-355,8A37euCaVXXJYw17Nc93Qpztyy4EVg495fRaabHM8BMV,0.001500,0.00,0.000000,2026-06-29T08:38:26.060Z
BOT-356,7i4N2QFTFKYXE2kMcLA3NLK96hGCVANXy7kDC769umv2,0.005133,0.00,0.000000,2026-06-29T08:38:26.060Z
BOT-357,8Crdu1sSowwZ9Ynty174pEmWcYGkj7KXTFwDTHbgaU3B,0.003803,0.00,0.000000,2026-06-29T08:38:26.060Z
BOT-358,7HLuebNJZbPkwnoYiKs2cMAuQ525Gk1w5HwYrPpX9zt,0.005135,0.00,0.000000,2026-06-29T08:38:26.060Z
BOT-359,4TZJsdLPr3voqs1knxxcpPkdyUgW3L3FxWdUW5tdTWSH,0.009711,0.00,0.000000,2026-06-29T08:38:26.060Z
BOT-360,7yAjiESAA6d6WSKtgu6nnQ9WvXE7voZTXZsuJN5egaPi,0.003301,0.00,0.000000,2026-06-29T08:38:26.060Z
BOT-361,5VA9jrEsL3THmT729wbhAhmLU4fF767stNsMQMCRLBCp,0.013181,0.00,0.000000,2026-06-29T08:38:26.060Z
BOT-362,GQvGMbVev4fdsNVtz8XGDH9AqFyQGGNPmNQr5N36gssg,0.004565,0.00,0.000000,2026-06-29T08:38:26.060Z
BOT-363,6XBHLDzBdQUNmX3SdJVwDDNvFDccmdnKZcZHtf3qqEkQ,0.042682,0.00,0.000000,2026-06-29T08:38:26.060Z
BOT-364,8npNfCFcXYwukieHWbD1P4teQ5DC6AYYZ8yfZppUsMsZ,0.003304,0.00,0.000000,2026-06-29T08:38:26.060Z
BOT-365,4Ha1KXYyFAkMDp7ZD1YprDLFaPjKcr2RCnJsYwgvPVkU,0.004804,0.00,0.000000,2026-06-29T08:38:26.060Z
BOT-366,DHuXTLUGhrAit6fih1DUCuX8C8wZ3TdDmJPFcHEZFXVh,0.160165,0.00,0.000000,2026-06-29T08:38:26.060Z
BOT-367,HjcijgwzrNdnKBEppyShvi1i6YQV7tTVoPXadtb5DGiT,0.034236,0.00,0.000000,2026-06-29T08:38:26.060Z
BOT-368,5uW1QnPyx8S3X74jLzbSeNWJ2MAEziEMbe3bKa9B55iW,0.022495,0.00,0.000000,2026-06-29T08:38:26.060Z
BOT-369,43x27qnuzxaDc7GSyuHnXfehKUmvqXH7WNuzhC4v5HST,0.064874,0.00,0.000000,2026-06-29T08:38:26.060Z
BOT-370,6mVuzmg7t7bbJnVcutCeAmq6c5EjSPdEb8jSRaNMFhs8,0.001947,0.00,0.000000,2026-06-29T08:38:26.060Z
BOT-371,6EiB8D1VhtGjVYNzrow6j4gZGj78nwYwhkvkgQprrqud,0.032440,0.00,0.000000,2026-06-29T08:38:26.060Z
BOT-372,57rf3ixsZmpzcCRo5KjxY19cvbNQf2HbpjsMJokmzVQk,0.079287,0.00,0.000000,2026-06-29T08:38:26.060Z
BOT-373,Hn2rhYEswJBEWViSsyiqdgA9CLGG4mS3U8wbKiTpCDtT,0.074186,0.00,0.000000,2026-06-29T08:38:26.060Z
BOT-374,7qnA33LuhvjXmREn6Ms11PG1BMup91Lw7iq1J2v2xkH9,0.002241,0.00,0.000000,2026-06-29T08:38:26.060Z
BOT-375,GDtoSdn19YwY93ow2z7WLNXMAnR2fDPsdoLHBCw5WWJr,0.021485,0.00,0.000000,2026-06-29T08:38:26.060Z
BOT-376,23UnQ3uKELJEEFQSfJCt8deSz8P1aKCFrctY2xs6x85w,0.011291,0.00,0.000000,2026-06-29T08:38:26.060Z
BOT-377,5vnF6J9F4J8yJeLopXZMe4cb1ygV4kbt9rWvnGjVQ1h7,0.004131,0.00,0.000000,2026-06-29T08:38:26.060Z
BOT-378,5T5sUumR6nQDvyfppZXD8Uzne5MTawvTDaU2WUk5TKg9,0.064847,0.00,0.000000,2026-06-29T08:38:26.060Z
BOT-379,8LdCPLF1db5hEHDccrhUt7oYCKyvPCEvqF38yRT1VAZi,0.036766,0.00,0.000000,2026-06-29T08:38:26.060Z
BOT-380,Gs4k8wNTUY36B6QPdxcvYf7p4n3FctSZhFLoCUcifpCj,0.006932,0.00,0.000000,2026-06-29T08:38:26.060Z
BOT-381,CF9cGbbTie1c36oBCwZ2Hhtvv4yUbCKEMqXtWsMR6Eot,0.105730,0.00,0.000000,2026-06-29T08:38:26.060Z
BOT-382,4hP4254waHm5snxSkoZWzQX7z1f6bbxgLmTzBc9qMB8c,0.009980,0.00,0.000000,2026-06-29T08:38:26.060Z
BOT-383,8MDDfJmCYePomdThXSV5it5XnqB1EGyqeoufHTjN7FCs,0.001514,0.00,0.000000,2026-06-29T08:38:26.060Z
BOT-384,G56VgwpSdN5JWLPrsHPSaHnUpnLhcpdojfYcFUnsUn36,0.003803,0.00,0.000000,2026-06-29T08:38:26.060Z
BOT-385,9FQPF8FgbfoX2QChMdVoYKRKyx6etXhUZKfpzmmXrrKE,0.039995,0.00,0.000000,2026-06-29T08:38:26.060Z
BOT-386,DnXB54JoVvkSk4dy7nfSjkhDT9Fkyuf2phUoWsnpuc4s,0.003323,0.00,0.000000,2026-06-29T08:38:26.060Z
BOT-387,FFrxU8HghS9WneH4pE7JKPXPK7rms4WKBLn5SRqHw7dp,0.001508,0.00,0.000000,2026-06-29T08:38:26.060Z
BOT-388,7BgJnt2Mtb7vsHViTDFxeo9TW2fmkhEXEADkukSg5Qdq,0.005116,0.00,0.000000,2026-06-29T08:38:26.060Z
BOT-389,E5MKsfiNxZhXdeSb97UHqBcMMTMkKgx3T8VTPkDYdhyB,0.003802,0.00,0.000000,2026-06-29T08:38:26.060Z
BOT-390,GPGN6dRoVMQj5w65mYjGvwWTwgVGvQJYC7u3D5Mpcmc3,0.005129,0.00,0.000000,2026-06-29T08:38:26.060Z
BOT-391,98TKRKczXUyFHwQW5Yfcv8qwpybowhGLDnQ54VdMYUf4,0.001494,0.00,0.000000,2026-06-29T08:38:26.060Z
BOT-392,3J1NPdPYNCRhHmfNsiSPSDMG7rDNAagKahgGinYEmbPi,0.003321,0.00,0.000000,2026-06-29T08:38:26.060Z
BOT-393,2tcEDSnHPCEUx8FE8UZhTZjcKCZ6QucyK23kJ9GAnyQ9,0.001512,0.00,0.000000,2026-06-29T08:38:26.060Z
BOT-394,HfsDegp3A7tSfJnhQQB1Umn9oqDdPBQD6U9wADQ2jHBi,0.005134,0.00,0.000000,2026-06-29T08:38:26.060Z
BOT-395,5wyCmASBN5xBeW7MaHC3Zv6Cy21ebHrMN27hGGuLiQjp,0.003798,0.00,0.000000,2026-06-29T08:38:26.060Z
BOT-396,9fzGarf5piBqJFuSUgQwUsrYzUCuj2X2oQrgzNUsF1Xs,0.009710,0.00,0.000000,2026-06-29T08:38:26.060Z
BOT-397,E3yf8ypztzrEPQSEtnQE1XkiC1fKeUzF8Uyiq7joDoD6,0.011532,0.00,0.000000,2026-06-29T08:38:26.060Z
BOT-398,D8Ekgs5mLwKCGV7RXknFq71UpEuWKT1gwUNuCxm967AZ,0.011536,0.00,0.000000,2026-06-29T08:38:26.060Z
BOT-399,EJGM68DP6C83cLsLNtjaKsCsryx1EoatE5nzjgrrDkMk,0.003798,0.00,0.000000,2026-06-29T08:38:26.060Z
BOT-400,HzqcsSre91iMJzngte8xqyawH935ZDGtytsuGjSa9Za9,0.003314,0.00,0.000000,2026-06-29T08:38:26.060Z
